Rk,School,Conf,AP Rank,W,L,OSRS,DSRS,SRS,Scoring Off,Scoring Def,Passing Off,Passing Def,Rushing Off,Rushing Def,Total Off,Total Def
1,Wisconsin,Big Ten (West),7,13,1,8.27,14.34,22.61,76.04,-26.02,12.42,2.49,7.72,0.69,9.75,1.23
2,Georgia,SEC (East),2,13,2,9.97,12.50,22.47,79.54,-27.03,13.13,1.41,8.59,0.80,10.52,0.88
3,Ohio State,Big Ten (East),5,12,2,9.81,12.01,21.82,83.21,-22.97,12.34,2.40,8.25,0.28,10.30,0.98
4,Penn State,Big Ten (East),8,11,2,11.03,10.59,21.62,83.95,-23.09,12.29,2.74,7.66,1.29,10.16,1.72
5,Alabama,SEC (West),1,13,1,4.67,16.58,21.25,80.58,-30.46,12.53,1.18,8.51,0.12,10.39,0.34
6,Clemson,ACC (Atlantic),4,12,2,5.99,14.63,20.62,78.57,-29.25,11.25,1.67,7.66,0.31,9.55,0.67
7,Notre Dame,Ind,11,10,3,10.24,9.17,19.41,79.00,-20.33,10.59,2.07,9.07,1.18,10.00,1.44
8,Oklahoma,Big 12,3,12,2,17.63,1.42,19.05,87.70,-14.87,15.55,3.53,8.39,2.10,11.88,2.43
9,Auburn,SEC (West),10,10,4,5.78,12.17,17.95,75.74,-26.85,12.55,1.29,7.49,0.68,9.78,0.73
10,UCF,American (East),6,13,0,14.05,2.85,16.90,83.79,-14.57,13.31,3.81,7.47,1.85,10.44,2.58
11,Washington,Pac-12 (North),16,10,3,5.38,10.84,16.22,76.29,-24.29,12.29,2.40,7.36,0.78,9.86,1.11
12,Miami (FL),ACC (Coastal),13,10,3,7.05,7.94,14.98,73.83,-21.41,11.47,2.65,7.88,0.94,9.93,1.45
13,Texas Christian,Big 12,9,11,3,2.41,12.30,14.71,72.78,-26.08,11.43,2.75,7.00,0.52,9.30,1.20
14,Iowa,Big Ten (West),30,8,5,5.84,8.83,14.66,72.80,-20.99,10.98,2.40,6.59,1.87,8.76,1.88
15,Michigan State,Big Ten (East),15,10,3,2.27,11.56,13.83,66.57,-22.67,10.81,2.94,6.65,0.81,8.76,1.66
16,Michigan,Big Ten (East),30,8,5,3.85,9.59,13.44,68.56,-21.55,10.36,2.39,7.18,0.91,8.77,1.32
17,Oklahoma State,Big 12,14,10,3,15.09,-2.00,13.09,86.56,-10.99,13.49,3.64,7.30,1.57,10.67,2.18
18,USC,Pac-12 (South),12,11,3,7.47,4.91,12.37,72.85,-16.55,12.52,3.23,7.17,1.87,10.03,2.10
19,North Carolina State,ACC (Atlantic),23,9,4,8.62,3.54,12.17,75.49,-17.44,11.41,3.39,7.46,1.24,9.63,2.08
20,Mississippi State,SEC (West),19,9,4,2.48,9.37,11.85,73.62,-21.50,10.20,2.86,7.86,1.05,9.15,1.43
21,LSU,SEC (West),18,9,4,2.88,8.90,11.77,69.28,-22.59,12.93,2.68,7.57,1.19,9.90,1.56
22,Wake Forest,ACC (Atlantic),30,8,5,10.47,0.95,11.42,78.88,-15.37,12.62,3.19,7.39,1.45,10.01,2.05
23,Northwestern,Big Ten (West),17,10,3,2.92,8.44,11.36,70.46,-19.67,10.37,3.07,6.63,0.93,8.64,1.86
24,Stanford,Pac-12 (North),20,9,5,5.73,5.11,10.84,73.23,-18.32,11.18,3.64,8.53,2.29,10.06,2.48
25,Virginia Tech,ACC (Coastal),24,9,4,-2.54,13.10,10.56,68.60,-26.67,11.22,3.78,6.29,0.98,8.73,1.82
26,Iowa State,Big 12,30,8,5,1.93,7.84,9.77,69.45,-22.79,11.16,3.11,6.00,1.42,8.93,1.84
27,Purdue,Big Ten (West),30,7,6,0.93,8.82,9.74,65.84,-21.79,10.57,3.52,6.92,0.85,9.00,1.85
28,Louisville,ACC (Atlantic),30,8,5,10.53,-0.85,9.67,81.12,-13.21,12.40,4.18,9.16,1.67,10.98,2.40
29,Boston College,ACC (Atlantic),30,7,6,2.09,7.30,9.39,69.29,-19.97,9.95,2.46,7.53,2.30,8.76,1.99
30,Boise State,MWC (Mountain),22,11,3,6.86,1.80,8.67,71.98,-14.03,11.82,3.00,6.35,1.18,9.19,1.73
31,Memphis,American (West),25,10,3,12.29,-3.77,8.52,80.74,-8.29,11.50,3.44,7.61,2.02,9.90,2.40
32,Texas,Big 12,30,7,6,-0.31,8.52,8.21,67.66,-22.56,10.40,2.92,6.06,0.65,8.48,1.43
33,Florida State,ACC (Atlantic),35,7,6,-0.49,8.56,8.07,70.53,-22.63,11.23,1.92,7.18,0.89,9.24,1.10
34,Florida Atlantic,CUSA (East),35,11,3,6.72,1.29,8.01,75.88,-11.88,11.26,3.19,8.20,2.21,9.75,2.34
35,South Carolina,SEC (East),35,9,4,-0.35,8.13,7.77,65.48,-21.15,11.13,2.70,6.62,1.21,9.10,1.65
36,South Florida,American (East),21,10,2,6.97,0.31,7.27,72.27,-11.92,10.94,3.20,6.95,1.44,8.82,1.97
37,Duke,ACC (Coastal),35,7,6,0.46,6.77,7.23,69.39,-20.37,9.74,3.67,6.81,1.63,8.41,2.04
38,Washington State,Pac-12 (North),35,9,4,3.04,3.58,6.62,70.34,-15.19,10.50,2.37,5.41,1.89,9.03,1.68
39,Georgia Tech,ACC (Coastal),35,5,6,6.17,0.21,6.38,73.48,-15.33,12.00,2.89,8.27,2.12,9.51,2.20
40,Kansas State,Big 12,35,8,5,3.16,2.68,5.84,71.16,-16.56,12.02,3.52,7.38,1.49,9.47,2.27
1,Alabama,SEC (West),2,14,1,8.01,17.62,25.62,90.38,-38.83,13.45,-0.10,10.38,-2.81,11.13,-0.85
2,Clemson,ACC (Atlantic),1,14,1,9.40,10.68,20.08,91.53,-32.15,13.88,-0.18,9.32,-0.79,11.01,0.18
3,Washington,Pac-12 (North),4,12,2,7.59,12.39,19.98,88.28,-30.64,14.32,0.46,9.40,-0.63,11.02,0.34
4,Ohio State,Big Ten (East),6,11,2,3.69,15.13,18.82,88.76,-34.26,12.41,-0.15,9.94,-0.71,10.47,0.10
5,Michigan,Big Ten (East),10,10,3,4.71,12.85,17.56,90.05,-32.85,13.18,0.34,9.31,-0.98,10.43,0.05
6,USC,Pac-12 (South),3,10,3,7.71,9.56,17.27,82.56,-25.78,13.59,1.07,9.66,-0.26,10.98,0.91
7,LSU,SEC (West),13,8,4,2.68,13.25,15.93,79.60,-36.08,13.41,0.64,10.82,-1.46,11.37,0.03
8,Penn State,Big Ten (East),7,11,3,11.63,4.09,15.72,87.46,-22.37,15.08,1.14,9.15,-0.37,11.17,0.90
9,Wisconsin,Big Ten (West),9,11,3,2.13,13.17,15.30,78.74,-32.10,13.54,1.15,8.81,-0.90,9.99,0.69
10,Florida State,ACC (Atlantic),8,10,3,9.49,5.52,15.01,86.38,-26.13,14.07,1.34,9.88,-0.71,11.22,0.73
11,Oklahoma,Big 12,5,11,2,14.64,0.34,14.98,92.54,-20.59,16.42,1.58,9.57,0.50,11.98,1.51
12,Miami (FL),ACC (Coastal),20,9,4,3.39,9.96,13.36,82.99,-29.58,13.75,0.37,9.03,-0.98,10.82,0.28
13,Stanford,Pac-12 (North),12,10,3,0.01,12.54,12.54,73.09,-29.29,12.22,1.18,9.33,-0.15,10.03,0.92
14,Colorado,Pac-12 (South),17,10,4,2.32,9.86,12.18,79.41,-28.17,13.12,0.03,8.33,-0.20,9.90,0.39
15,Western Michigan,MAC (West),15,13,1,7.61,4.42,12.03,86.24,-22.05,14.49,2.21,9.21,0.77,10.73,1.93
16,Auburn,SEC (West),24,8,5,-1.04,13.02,11.97,81.80,-33.41,13.42,0.59,10.02,-0.87,10.69,0.42
17,Louisville,ACC (Atlantic),21,9,4,8.81,3.06,11.87,92.04,-22.20,14.05,1.41,10.77,-0.95,11.68,0.60
18,Oklahoma State,Big 12,11,10,3,8.39,2.77,11.16,85.39,-23.07,14.64,1.79,8.66,0.59,11.08,1.46
19,Virginia Tech,ACC (Coastal),16,10,4,4.26,6.74,11.00,82.68,-26.80,13.57,0.47,8.37,-0.51,10.02,0.45
20,Florida,SEC (East),14,9,4,-2.62,13.60,10.98,74.40,-31.15,12.53,0.28,8.16,-0.70,9.71,0.14
21,Tennessee,SEC (East),22,9,4,11.58,-0.99,10.59,88.42,-17.67,14.16,1.64,9.88,0.66,11.19,1.58
22,West Virginia,Big 12,18,10,3,4.01,5.56,9.57,78.75,-26.00,13.69,1.20,9.33,0.18,10.77,1.04
23,Washington State,Pac-12 (North),30,8,5,5.70,3.33,9.03,84.22,-21.44,12.72,2.45,8.50,0.07,10.41,1.82
24,Temple,American (East),30,10,4,2.00,6.96,8.97,78.15,-26.73,13.67,0.92,8.60,-0.50,10.19,0.61
25,Appalachian State,Sun Belt,30,10,3,-0.86,9.68,8.83,70.76,-25.81,11.91,0.77,9.79,0.20,10.15,1.05
26,Texas A&M,SEC (West),30,8,5,5.40,3.37,8.77,84.98,-23.89,12.69,1.54,10.28,-0.10,10.89,1.10
27,Western Kentucky,CUSA (East),30,11,3,6.84,1.84,8.68,88.81,-20.99,14.91,1.88,9.58,-1.18,11.72,0.96
28,Minnesota,Big Ten (West),30,9,4,4.00,4.65,8.65,76.61,-23.84,12.24,1.05,8.37,-0.74,9.40,0.74
29,Utah,Pac-12 (South),23,9,4,3.31,5.35,8.65,75.34,-23.91,12.57,1.66,8.97,-0.15,10.02,1.33
30,North Carolina,ACC (Coastal),30,8,5,6.18,2.07,8.25,82.25,-22.65,13.90,1.48,9.41,0.14,11.18,1.02
31,Pitt,ACC (Coastal),30,8,5,15.30,-7.17,8.12,90.73,-13.83,14.39,1.90,9.86,-0.49,11.12,1.53
32,Kansas State,Big 12,30,9,4,1.70,6.39,8.09,78.76,-26.78,11.92,1.72,9.27,-0.37,9.99,1.26
33,Boise State,MWC (Mountain),30,10,3,2.87,5.14,8.01,76.66,-22.18,14.42,0.97,8.65,-0.05,10.73,1.09
34,South Florida,American (East),19,11,2,14.00,-6.16,7.83,90.21,-13.30,13.61,1.70,10.71,0.64,11.41,1.70
35,Nebraska,Big Ten (West),35,9,4,-0.90,8.45,7.55,73.76,-23.01,12.37,1.42,8.42,0.34,9.65,1.45
36,North Carolina State,ACC (Atlantic),35,7,6,0.69,6.81,7.49,76.44,-26.50,13.38,1.07,8.66,-0.95,10.31,0.65
37,Georgia Tech,ACC (Coastal),35,9,4,3.28,3.85,7.13,78.04,-23.59,16.22,1.37,10.13,0.53,11.07,1.50
38,Tulsa,American (West),35,10,3,11.07,-4.16,6.91,88.48,-14.89,13.20,1.41,9.24,0.65,10.40,1.57
39,Iowa,Big Ten (West),35,8,5,-0.51,7.31,6.81,74.25,-26.71,12.12,1.29,8.89,0.14,9.72,1.15
40,Brigham Young,Ind,35,9,4,0.11,6.39,6.50,74.98,-25.58,11.59,2.08,9.03,-0.70,9.64,1.20
41,San Diego State,MWC (West),25,11,3,-0.89,6.86,5.97,76.05,-23.78,12.83,1.54,9.49,-0.88,10.17,0.83
42,Northwestern,Big Ten (West),35,7,6,0.48,4.98,5.46,75.16,-25.48,12.02,1.59,8.47,-0.35,9.64,1.26
1,Alabama,SEC (West),1,14,1,9.34,14.38,23.72,56.01,-3.79,9.83,3.87,6.33,1.15,7.66,2.70
2,Ohio State,Big Ten (East),4,12,1,6.45,14.28,20.73,52.80,-2.61,9.59,3.88,6.88,2.07,7.76,3.07
3,Clemson,ACC (Atlantic),2,14,1,12.53,6.35,18.88,59.12,3.34,10.49,4.31,6.39,2.00,8.07,3.19
4,Stanford,Pac-12 (North),3,12,2,12.14,6.67,18.81,56.49,3.59,11.37,4.77,6.47,2.91,8.08,3.96
5,Oklahoma,Big 12,5,11,2,8.23,9.60,17.84,59.24,1.53,10.92,3.91,6.12,2.69,8.12,3.30
6,Michigan,Big Ten (East),12,10,3,4.17,12.17,16.34,50.42,-0.45,9.57,3.72,5.72,2.28,7.28,3.13
7,Michigan State,Big Ten (East),6,12,2,4.50,10.87,15.36,47.73,1.25,9.43,4.87,5.24,2.04,6.87,3.77
8,LSU,SEC (West),16,9,3,6.61,8.44,15.04,50.76,2.24,9.83,3.92,7.28,2.31,8.13,3.26
9,Ole Miss,SEC (West),10,10,3,8.16,6.25,14.42,58.84,5.06,10.87,4.33,6.55,2.17,8.63,3.43
10,Notre Dame,Ind,11,10,3,10.99,3.33,14.33,56.56,6.66,10.93,4.74,7.35,3.16,8.76,4.17
11,Tennessee,SEC (East),22,9,4,9.07,4.87,13.94,54.89,5.33,9.03,4.73,6.18,3.07,7.20,3.98
12,Florida State,ACC (Atlantic),14,10,3,4.84,8.75,13.59,50.27,1.65,9.68,3.93,6.64,2.65,8.02,3.44
13,Mississippi State,SEC (West),30,9,4,8.45,5.14,13.59,53.37,5.40,10.33,4.71,5.91,2.92,8.13,3.75
14,Baylor,Big 12,13,10,3,12.69,0.39,13.08,60.81,10.82,11.03,4.99,6.60,2.84,8.20,3.85
15,Arkansas,SEC (West),30,8,5,11.32,1.47,12.79,55.22,9.24,11.48,6.49,6.40,2.44,8.43,4.65
16,North Carolina,ACC (Coastal),15,11,3,10.46,2.27,12.73,57.28,8.48,10.74,4.32,7.14,4.06,8.61,4.25
17,Houston,American (West),8,13,1,8.01,4.31,12.32,53.70,7.71,9.43,6.07,5.79,2.42,7.11,4.53
18,USC,Pac-12 (South),30,8,6,4.68,6.85,11.53,52.08,3.33,10.13,5.25,5.81,2.36,7.64,3.86
19,Texas Christian,Big 12,7,11,2,8.94,2.46,11.39,54.96,8.40,10.34,4.36,5.78,3.07,7.89,3.73
20,Utah,Pac-12 (South),17,10,3,3.23,8.16,11.39,47.92,2.06,8.63,4.81,5.61,1.81,6.66,3.53
21,Navy,American (West),18,11,2,5.86,5.29,11.14,50.52,6.71,11.81,5.14,6.66,3.10,7.25,4.48
22,Oregon,Pac-12 (North),19,9,4,18.61,-7.56,11.05,61.92,19.96,10.82,5.07,7.37,3.79,8.52,4.56
23,Wisconsin,Big Ten (West),21,10,3,-1.85,12.70,10.85,43.73,-1.12,8.96,4.29,5.32,2.01,6.81,3.27
24,Iowa,Big Ten (West),9,12,2,3.70,7.10,10.80,47.34,5.71,9.61,4.93,5.71,2.43,7.09,3.88
25,Toledo,MAC (West),30,10,2,3.84,6.32,10.16,48.00,5.79,8.77,4.93,5.92,2.46,7.13,3.88
26,Washington,Pac-12 (North),30,7,6,-2.60,12.33,9.73,46.25,-2.10,9.51,4.64,5.84,1.89,7.32,3.23
27,Florida,SEC (East),25,10,4,-0.60,10.26,9.65,44.24,1.59,9.53,4.28,5.03,2.12,6.91,3.17
28,Western Kentucky,CUSA (East),24,12,2,10.85,-1.23,9.62,56.70,14.06,10.74,5.89,5.51,3.59,8.26,4.71
29,California,Pac-12 (North),30,8,5,10.98,-1.44,9.54,56.65,12.26,10.84,5.66,6.01,3.40,8.47,4.59
30,Texas A&M,SEC (West),30,8,5,2.21,7.19,9.40,46.44,4.31,8.86,4.00,5.88,3.61,7.14,3.83
31,Georgia,SEC (East),30,10,3,0.64,8.35,8.98,45.93,3.29,9.45,4.67,6.60,2.84,7.72,3.71
32,UCLA,Pac-12 (South),35,8,5,4.04,4.70,8.73,49.45,5.91,9.08,3.62,6.34,3.12,7.53,3.35
33,Oklahoma State,Big 12,20,10,3,9.40,-0.90,8.50,54.57,12.94,10.59,5.66,4.59,3.23,7.64,4.31
34,Bowling Green State,MAC (East),35,10,4,9.40,-1.31,8.09,56.90,14.41,10.17,5.53,5.74,3.23,7.94,4.35
35,West Virginia,Big 12,35,8,5,1.96,5.64,7.59,47.96,5.50,9.14,5.21,5.82,2.66,7.12,3.86
36,Brigham Young,Ind,35,9,4,4.43,3.08,7.51,51.33,8.28,9.90,4.99,5.36,2.71,7.57,3.80
37,Northwestern,Big Ten (West),23,10,3,-5.11,12.41,7.30,37.95,1.88,7.16,3.92,5.44,2.39,5.95,3.30
38,Auburn,SEC (West),35,7,6,2.89,4.27,7.16,45.90,6.73,9.38,4.13,5.75,3.03,6.92,3.63
39,Louisville,ACC (Atlantic),35,8,5,4.03,2.66,6.69,48.21,7.75,9.79,5.00,6.03,2.00,7.57,3.56
40,Nebraska,Big Ten (West),35,6,7,8.56,-2.01,6.56,51.51,11.70,9.87,5.82,6.00,2.75,7.68,4.65
1,Oregon,Pac-12 (North),2,13,2,14.36,7.86,22.22,90.41,-24.11,14.16,2.31,8.43,1.61,10.84,1.91
2,Ohio State,Big Ten (East),1,14,1,13.44,7.00,20.44,91.53,-23.00,13.41,1.71,8.79,0.85,10.58,1.32
3,Alabama,SEC (West),4,12,2,9.46,10.88,20.34,87.16,-30.13,13.54,1.65,8.25,0.14,10.54,1.12
4,Texas Christian,Big 12,3,12,1,11.20,7.76,18.96,91.76,-25.56,12.33,2.47,8.11,0.15,10.18,1.23
5,Georgia,SEC (East),9,10,3,10.88,7.96,18.84,89.55,-26.48,12.70,1.21,9.22,1.28,10.60,1.30
6,Ole Miss,SEC (West),17,9,4,0.87,15.93,16.80,77.75,-34.47,12.61,1.31,7.54,0.37,9.83,0.84
7,Michigan State,Big Ten (East),5,11,2,9.76,6.31,16.07,86.82,-23.25,12.82,2.39,8.06,0.21,10.03,1.59
8,Georgia Tech,ACC (Coastal),8,11,3,13.44,2.48,15.92,85.51,-21.10,13.80,3.30,9.14,1.99,10.41,2.69
9,Mississippi State,SEC (West),11,10,3,8.49,6.55,15.04,85.30,-25.29,13.18,2.16,8.23,1.25,10.33,1.98
10,Auburn,SEC (West),22,8,5,11.92,3.07,14.99,86.55,-23.59,13.97,2.09,8.68,1.24,10.63,1.66
11,Baylor,Big 12,7,11,2,13.69,1.28,14.97,92.01,-19.39,13.27,3.28,7.37,0.50,10.06,1.85
12,Arkansas,SEC (West),30,7,6,4.30,10.62,14.91,81.77,-30.19,11.68,1.93,8.22,0.20,9.63,1.19
13,Florida State,ACC (Atlantic),5,13,1,10.59,3.90,14.48,82.13,-20.20,12.80,2.67,7.65,1.42,10.27,2.00
14,UCLA,Pac-12 (South),10,10,3,11.01,3.39,14.40,81.42,-19.66,12.26,2.03,8.02,1.30,9.86,1.73
15,USC,Pac-12 (South),20,9,4,7.74,6.65,14.39,79.66,-22.10,12.53,2.21,6.86,1.20,9.46,1.74
16,Arizona State,Pac-12 (South),12,10,3,10.24,3.02,13.26,81.29,-17.78,11.87,3.29,7.05,1.42,9.31,2.17
17,Kansas State,Big 12,18,9,4,6.32,6.42,12.73,80.94,-24.28,13.32,2.27,6.55,1.22,9.68,1.82
18,Wisconsin,Big Ten (West),13,11,3,3.21,9.49,12.70,79.62,-23.94,10.88,2.44,9.69,0.74,10.30,1.47
19,Marshall,CUSA (East),23,13,1,9.23,3.33,12.55,84.78,-18.77,12.07,2.12,9.30,1.61,10.56,1.75
20,Stanford,Pac-12 (North),30,8,5,-2.79,15.21,12.42,70.49,-31.82,11.93,0.69,7.16,0.49,9.24,0.54
21,Missouri,SEC (East),14,11,3,2.51,9.51,12.02,74.96,-27.01,10.95,1.81,7.72,0.42,9.08,1.14
22,Arizona,Pac-12 (South),19,10,4,6.51,5.39,11.90,77.60,-19.51,10.95,2.86,7.18,1.60,8.97,2.14
23,Clemson,ACC (Atlantic),15,10,3,-1.31,12.94,11.63,75.55,-29.98,11.80,0.72,6.36,0.03,8.81,0.37
24,LSU,SEC (West),30,8,5,-1.43,12.18,10.75,76.14,-31.04,12.39,0.79,7.82,1.30,9.38,1.05
25,Boise State,MWC (Mountain),16,12,2,11.44,-0.86,10.58,82.44,-13.24,12.37,2.89,7.57,1.18,9.61,2.13
26,Louisville,ACC (Atlantic),24,9,4,5.74,4.79,10.52,78.82,-22.75,12.27,2.06,6.90,0.65,9.33,1.37
27,Nebraska,Big Ten (West),30,9,4,9.43,0.83,10.26,82.86,-17.11,11.86,2.00,8.22,1.86,9.70,1.97
28,Oklahoma,Big 12,30,8,5,5.98,4.23,10.21,81.86,-21.02,11.22,2.58,9.08,0.62,10.01,1.72
29,Texas A&M,SEC (West),30,8,5,7.38,2.58,9.96,84.90,-18.25,12.35,2.30,7.76,2.24,10.09,2.28
30,Utah,Pac-12 (South),21,9,4,4.76,5.08,9.84,76.44,-21.18,11.03,2.62,7.23,1.25,8.82,1.75
31,Notre Dame,Ind,30,8,5,8.86,-0.30,8.56,80.17,-15.08,12.48,2.97,7.43,1.54,9.86,2.22
32,Tennessee,SEC (East),30,7,6,3.72,4.42,8.13,77.48,-23.24,11.12,2.25,6.88,1.19,8.79,1.62
33,Florida,SEC (East),35,7,5,0.92,7.21,8.12,77.19,-25.92,11.18,1.45,7.37,0.23,8.92,0.90
34,West Virginia,Big 12,35,7,6,6.18,1.89,8.07,79.25,-21.20,12.12,1.91,7.24,1.54,9.52,1.69
35,Miami (FL),ACC (Coastal),35,6,7,1.26,6.78,8.04,74.20,-24.22,12.44,1.71,7.99,0.62,10.04,1.11
36,Memphis,American,25,10,3,3.75,3.46,7.22,78.72,-19.86,11.18,2.40,6.87,1.04,8.71,1.76
37,Minnesota,Big Ten (West),35,8,5,3.41,3.32,6.74,74.50,-21.14,11.72,2.19,7.83,1.76,9.19,1.96
38,Virginia Tech,ACC (Coastal),35,7,6,-1.93,8.64,6.71,68.88,-26.97,10.30,2.14,6.74,0.96,8.35,1.51
39,South Carolina,SEC (East),35,7,6,9.39,-2.69,6.70,81.00,-16.69,12.65,2.89,7.64,2.49,10.03,2.63
40,Duke,ACC (Coastal),35,9,4,3.59,3.05,6.64,77.01,-19.76,10.00,2.41,7.61,1.99,8.76,2.17
1,Florida State,ACC (Atlantic),1,14,0,8.57,14.79,23.36,53.97,11.05,1.07,13.96,1.33,7.71,1.64,10.23
2,Oregon,Pac-12 (North),9,11,2,12.56,8.70,21.27,50.03,15.36,1.00,14.16,1.95,8.32,1.73,10.51
3,Alabama,SEC (West),7,11,2,5.72,14.35,20.06,42.00,10.79,0.06,15.21,1.61,7.40,1.20,10.70
4,Missouri,SEC (East),5,12,2,11.89,8.08,19.97,42.89,16.88,-1.01,15.06,1.37,8.25,0.56,11.23
5,Stanford,Pac-12 (North),11,11,3,5.99,12.97,18.96,38.64,10.11,0.90,14.31,1.11,6.87,0.95,10.14
6,Auburn,SEC (West),2,12,2,13.60,5.21,18.80,45.72,17.95,0.09,15.66,2.07,8.74,1.03,11.64
7,Arizona State,Pac-12 (South),21,10,4,13.67,3.83,17.50,47.64,19.48,-0.30,15.34,0.80,8.00,0.58,10.97
8,UCLA,Pac-12 (South),16,10,3,10.15,6.95,17.10,42.61,17.02,0.25,14.55,0.47,7.97,0.54,10.60
9,Baylor,Big 12,13,11,2,12.51,4.35,16.87,54.83,22.00,1.74,15.18,1.22,8.17,1.63,10.99
10,Oklahoma State,Big 12,17,10,3,10.19,6.64,16.83,42.92,17.94,-0.82,14.51,0.58,7.99,0.37,10.73
11,South Carolina,SEC (East),4,11,2,7.99,8.07,16.06,40.30,15.99,0.00,15.48,0.72,8.48,0.54,11.30
12,Ohio State,Big Ten (Leaders),12,12,2,10.77,4.87,15.65,47.17,20.57,-0.94,15.81,2.94,7.79,1.38,11.36
13,Washington,Pac-12 (North),25,9,4,6.41,8.71,15.12,42.01,15.19,-0.46,14.15,1.08,8.52,0.59,10.68
14,Clemson,ACC (Atlantic),8,11,2,9.21,5.77,14.98,43.55,18.59,-0.12,15.85,0.44,8.29,0.60,11.40
15,Michigan State,Big Ten (Legends),3,13,1,1.23,13.51,14.74,31.12,12.04,-1.86,13.89,0.22,7.16,-0.45,10.02
16,LSU,SEC (West),14,10,3,8.87,5.72,14.59,40.42,18.96,1.01,15.13,0.83,7.99,0.87,10.94
17,Wisconsin,Big Ten (Leaders),22,9,4,2.69,11.51,14.20,37.02,13.47,-1.79,14.94,2.51,7.54,0.87,10.77
18,USC,Pac-12 (South),19,10,4,4.08,9.65,13.72,34.33,14.21,-0.25,14.01,0.85,8.14,0.57,10.45
19,Texas A&M,SEC (West),18,9,4,16.81,-3.43,13.38,48.38,28.34,0.50,15.94,1.23,9.42,1.46,12.13
20,Oklahoma,Big 12,6,11,2,6.42,6.77,13.19,37.15,17.89,-1.21,15.13,1.21,8.36,0.36,11.10
21,Georgia,SEC (East),30,8,5,13.03,-0.21,12.82,43.35,23.43,0.20,16.27,0.73,7.94,0.88,11.38
22,Arizona,Pac-12 (South),30,8,5,5.72,6.89,12.60,37.03,18.20,-1.89,15.00,1.30,8.47,0.08,11.04
23,Ole Miss,SEC (West),30,8,5,4.24,6.19,10.42,33.55,17.66,-1.34,15.19,0.60,8.08,0.11,11.04
24,Brigham Young,Ind,30,8,5,5.85,4.38,10.23,35.75,18.72,-1.96,15.25,1.15,7.97,0.01,10.97
25,Kansas State,Big 12,30,8,5,6.13,3.88,10.01,34.67,20.29,0.62,14.85,0.55,8.46,0.54,11.13
26,Louisville,American,15,12,1,-0.18,10.18,9.99,33.67,15.75,-0.22,15.01,0.18,7.55,0.50,10.63
27,Notre Dame,Ind,20,9,4,3.00,6.51,9.50,32.48,19.00,-0.74,14.63,0.85,8.29,0.59,10.84
28,UCF,American,10,12,1,6.19,2.24,8.42,35.82,22.78,0.26,15.35,0.61,8.77,0.81,11.52
29,Oregon State,Pac-12 (North),30,7,6,9.08,-0.97,8.11,38.54,25.35,-0.79,14.93,-0.23,9.53,0.65,11.58
30,Vanderbilt,SEC (East),24,9,4,4.66,3.34,8.01,32.72,22.64,-1.29,14.82,-0.67,8.69,-0.73,11.20
31,Duke,ACC (Coastal),23,10,4,6.80,1.06,7.86,36.28,23.29,-1.60,16.51,0.61,8.89,0.00,11.91
32,Mississippi State,SEC (West),30,7,6,-0.28,8.00,7.72,32.29,16.68,-1.52,14.98,0.70,8.42,0.02,11.16
33,Texas,Big 12,35,8,5,3.09,4.36,7.45,33.55,19.77,-1.60,15.05,0.35,8.41,-0.26,10.99
34,Iowa,Big Ten (Legends),35,8,5,-0.90,8.22,7.31,28.67,16.91,-1.64,14.67,0.26,7.78,-0.43,10.60
35,Georgia Tech,ACC (Coastal),35,7,6,2.01,5.19,7.21,39.02,19.61,-1.14,16.58,1.44,8.44,0.01,11.94
36,Utah,Pac-12 (South),35,5,7,4.51,2.45,6.96,36.74,20.16,-1.09,15.45,0.10,7.90,-0.09,11.11
37,Utah State,MWC (Mountain),35,9,5,-4.34,11.04,6.70,28.90,14.55,-2.90,15.59,-0.01,6.86,-0.88,10.49
38,Miami (FL),ACC (Coastal),35,9,4,8.33,-1.74,6.59,40.42,25.97,0.30,16.58,0.93,9.11,1.11,12.15
39,Virginia Tech,ACC (Coastal),35,8,5,-3.85,10.26,6.41,26.21,13.62,-1.81,14.65,-0.91,7.49,-0.91,10.41
40,North Carolina,ACC (Coastal),35,7,6,3.53,2.69,6.22,35.74,21.73,-1.47,15.71,-0.36,8.44,-0.37,11.30
1,Alabama,SEC (West),1,13,1,6.53,17.98,24.51,43.90,6.55,9.06,5.93,5.07,3.11,7.01,4.00
2,Oregon,Pac-12 (North),2,12,1,17.21,6.22,23.43,53.39,17.73,7.56,6.02,5.05,5.26,6.52,5.09
3,Texas A&M,SEC (West),5,11,2,14.01,6.05,20.05,49.02,17.77,8.15,7.15,5.41,4.57,7.14,5.39
4,Georgia,SEC (East),5,12,2,9.85,8.08,17.93,42.55,16.84,10.00,7.08,4.31,4.91,7.29,5.31
5,Florida,SEC (East),9,11,2,2.27,15.09,17.35,32.00,9.35,6.61,5.48,4.02,3.70,5.45,4.19
6,Notre Dame,Ind,4,12,1,1.84,15.15,16.98,33.52,9.71,7.70,6.16,4.28,4.33,6.23,4.83
7,Kansas State,Big 12,12,11,2,7.52,9.40,16.92,42.41,14.11,8.01,6.98,3.89,4.39,5.96,5.22
8,South Carolina,SEC (East),8,11,2,5.03,10.94,15.97,35.18,14.29,8.19,6.61,3.05,4.09,5.71,4.63
9,Stanford,Pac-12 (North),7,12,2,2.47,13.11,15.58,32.54,10.99,6.82,6.02,3.52,4.07,5.43,4.62
10,LSU,SEC (West),14,10,3,5.49,9.27,14.76,35.29,14.59,7.11,5.87,3.70,3.83,5.56,4.47
11,Clemson,ACC (Atlantic),11,11,2,13.72,1.04,14.75,43.99,24.65,8.67,7.66,3.43,5.57,6.28,6.13
12,Oklahoma,Big 12,15,10,3,9.05,5.27,14.32,43.37,17.97,7.04,6.41,4.21,5.74,6.30,5.56
13,Ohio State,Big Ten (Leaders),3,12,0,9.92,3.89,13.81,39.52,21.50,7.45,6.86,4.22,4.64,5.86,5.35
14,Florida State,ACC (Atlantic),10,12,2,3.12,10.44,13.56,40.18,15.31,8.16,5.51,4.71,4.20,6.80,4.40
15,Oklahoma State,Big 12,30,8,5,11.19,2.31,13.50,48.65,20.81,7.98,6.91,4.54,4.38,6.72,5.21
16,Oregon State,Pac-12 (North),20,9,4,4.20,7.94,12.14,38.08,15.41,7.88,6.51,2.87,5.03,6.03,5.32
17,Baylor,Big 12,30,8,5,18.47,-7.25,11.22,49.04,30.33,8.71,7.84,4.37,5.35,6.77,6.13
18,Texas,Big 12,19,9,4,8.01,3.18,11.18,40.32,21.21,8.06,7.99,3.78,5.35,6.14,5.78
19,Utah State,WAC,16,11,2,1.91,8.80,10.71,31.81,17.64,7.15,6.62,4.18,4.52,6.09,4.99
20,USC,Pac-12 (South),30,7,6,5.71,4.82,10.53,36.49,18.91,7.91,6.95,4.08,4.89,6.62,5.42
21,Michigan,Big Ten (Legends),24,8,5,3.66,6.35,10.01,35.86,18.67,8.10,7.20,4.16,4.68,6.21,5.33
22,Vanderbilt,SEC (East),23,9,4,0.53,9.35,9.88,32.97,17.78,7.67,6.30,3.40,5.03,5.65,5.15
23,Nebraska,Big Ten (Legends),25,10,4,8.87,0.91,9.79,40.62,25.28,7.57,6.21,4.70,5.64,6.25,5.49
24,Wisconsin,Big Ten (Leaders),30,8,6,3.26,6.51,9.77,34.00,17.47,7.49,6.41,4.37,4.87,5.92,5.18
25,Penn State,Big Ten (Leaders),30,8,4,2.14,7.56,9.70,30.83,18.00,6.68,7.08,2.50,4.34,5.05,5.33
26,Arizona,Pac-12 (South),30,8,5,10.75,-1.37,9.38,41.98,29.31,7.05,7.85,4.39,5.54,6.19,6.08
27,Arizona State,Pac-12 (South),30,8,5,6.85,2.15,9.00,40.52,21.77,7.63,6.02,3.41,5.49,5.71,5.09
28,Northwestern,Big Ten (Legends),17,10,3,6.82,2.14,8.97,35.66,22.84,5.64,7.20,4.09,5.00,5.22,5.72
29,Brigham Young,Ind,30,8,5,-0.67,9.44,8.77,29.89,14.91,5.96,6.57,2.96,4.41,4.95,4.87
30,UCLA,Pac-12 (South),30,9,5,6.16,2.59,8.75,37.81,22.08,7.62,7.53,3.52,5.19,5.86,5.67
31,Cincinnati,Big East,35,10,3,3.62,5.09,8.71,31.41,21.88,7.32,7.42,4.25,5.45,6.14,5.92
32,Ole Miss,SEC (West),35,7,6,8.22,0.21,8.43,37.10,23.95,7.60,7.24,3.46,4.39,5.74,5.25
33,San Jose State,WAC,21,11,2,5.23,2.67,7.90,33.56,24.12,8.44,7.60,2.07,4.91,5.81,5.75
34,Boise State,MWC,18,11,2,0.47,7.38,7.85,29.07,18.64,6.73,6.99,3.23,5.23,5.37,5.37
35,Texas Christian,Big 12,35,7,6,1.18,6.31,7.49,32.78,16.24,7.23,7.02,3.16,4.01,5.41,4.98
36,UCF,CUSA (East),35,10,4,2.85,3.81,6.65,33.34,21.83,6.88,7.48,3.72,5.44,5.62,5.85
37,Fresno State,MWC,35,9,4,4.58,1.76,6.33,35.56,24.42,7.05,6.80,2.77,5.30,5.56,5.47
38,Louisiana Tech,WAC,35,9,3,20.90,-14.57,6.33,49.52,40.83,6.90,9.14,3.92,6.11,5.94,7.09
39,Texas Tech,Big 12,35,8,5,7.58,-1.25,6.33,40.72,26.59,7.05,7.30,3.55,5.02,6.10,5.46
40,Syracuse,Big East,35,8,5,5.26,1.01,6.27,32.81,24.75,7.32,8.29,3.70,5.18,5.88,6.06
1,Alabama,SEC (West),1,12,1,7.45,16.99,24.44,40.60,7.16,7.87,4.86,5.29,3.03,6.60,3.73
2,LSU,SEC (West),2,13,1,7.52,16.75,24.27,41.11,7.21,7.84,5.63,4.54,3.04,5.88,4.10
3,Oklahoma State,Big 12,3,12,1,18.60,5.54,24.14,51.93,18.37,7.85,6.63,5.24,4.56,7.08,5.33
4,Oklahoma,Big 12,16,10,3,9.47,10.28,19.75,43.15,14.53,7.14,6.84,4.50,3.83,6.25,5.11
5,Oregon,Pac-12 (North),4,12,2,15.45,3.35,18.80,48.98,19.20,7.61,6.32,6.16,4.09,6.99,4.84
6,Stanford,Pac-12 (North),7,11,2,10.65,7.13,17.78,45.62,16.41,8.29,7.36,4.69,3.44,6.56,5.13
7,Boise State,MWC,8,12,1,9.23,7.53,16.75,42.14,17.66,7.21,7.60,3.84,3.91,5.83,5.48
8,Michigan,Big Ten (Legends),12,11,2,7.15,9.12,16.27,38.05,16.26,7.87,7.23,4.99,4.41,6.19,5.53
9,Wisconsin,Big Ten (Leaders),10,11,3,9.72,6.17,15.89,46.49,18.52,9.60,7.50,5.21,4.73,7.03,5.68
10,USC,Pac-12 (South),6,10,2,9.07,5.09,14.16,39.30,18.61,7.61,7.05,4.59,3.87,6.43,5.30
11,Arkansas,SEC (West),5,11,2,9.90,3.96,13.86,40.69,20.91,8.13,6.80,4.14,4.88,6.52,5.56
12,Baylor,Big 12,13,10,3,19.95,-6.12,13.83,47.73,30.70,10.12,8.25,5.05,5.34,7.41,6.54
13,South Carolina,SEC (East),9,11,2,4.92,8.64,13.56,32.65,16.26,7.25,5.28,4.03,4.20,5.50,4.46
14,Texas A&M,Big 12,30,7,6,11.59,1.78,13.36,42.48,21.08,6.50,7.24,4.83,2.79,5.91,4.75
15,Texas,Big 12,30,8,5,1.99,10.17,12.16,31.47,14.67,6.50,6.25,4.12,3.10,5.24,4.52
16,Houston,CUSA (West),18,13,1,11.27,0.67,11.94,47.83,25.18,8.55,7.34,4.32,4.94,7.23,5.68
17,Kansas State,Big 12,15,10,3,7.38,4.07,11.45,34.84,21.22,6.31,7.50,3.72,4.14,4.74,5.62
18,Florida State,ACC (Atlantic),23,9,4,1.27,9.96,11.22,32.49,14.50,8.31,6.97,2.88,3.02,5.62,4.53
19,Missouri,Big 12,30,8,5,3.77,7.32,11.08,35.11,16.74,7.22,6.93,5.12,3.99,6.13,5.20
20,Notre Dame,Ind,30,8,5,4.23,6.83,11.06,33.98,16.20,6.54,6.81,4.75,3.99,5.93,5.14
21,Georgia,SEC (East),19,10,4,4.78,5.88,10.67,36.39,18.68,7.87,5.82,3.61,3.78,5.69,4.72
22,Michigan State,Big Ten (Legends),11,11,3,1.99,8.06,10.05,32.76,15.81,7.12,6.45,3.49,3.07,5.53,4.45
23,Texas Christian,MWC,14,11,2,6.98,2.69,9.67,38.71,23.07,7.45,8.29,4.43,4.12,5.91,5.78
24,Southern Mississippi,CUSA (East),20,12,2,7.11,2.07,9.18,34.94,22.95,6.43,6.68,4.35,4.05,5.62,5.05
25,Nebraska,Big Ten (Legends),24,9,4,4.15,4.62,8.76,32.16,20.86,6.69,7.21,4.19,4.32,5.25,5.34
26,West Virginia,Big East,17,10,3,9.80,-1.16,8.65,40.39,25.96,7.62,6.90,3.73,4.71,6.21,5.52
27,Virginia Tech,ACC (Coastal),21,11,3,-0.65,8.86,8.21,28.39,16.82,7.34,6.91,3.77,3.94,5.45,5.17
28,Cincinnati,Big East,25,10,3,3.66,3.68,7.34,35.36,21.46,6.03,8.07,4.51,3.93,5.41,5.71
29,Vanderbilt,SEC (East),30,6,7,2.76,4.33,7.09,31.14,19.80,6.38,6.81,4.02,4.17,5.23,5.17
30,Toledo,MAC (West),30,9,4,13.83,-6.99,6.84,41.90,32.17,7.01,8.33,4.34,4.58,5.81,6.23
31,Clemson,ACC (Atlantic),22,10,4,8.74,-2.20,6.54,35.72,28.35,7.30,7.36,3.79,5.09,5.75,5.87
32,Penn State,Big Ten (Leaders),30,9,4,-4.49,10.96,6.47,23.00,13.58,5.48,6.05,3.91,3.85,4.88,4.78
33,Rutgers,Big East,35,9,4,-0.45,6.87,6.42,28.02,17.49,5.61,7.22,2.53,4.29,4.36,5.34
34,Florida,SEC (East),35,7,6,0.62,5.38,6.00,30.47,19.63,7.64,6.85,3.86,4.01,5.65,4.99
35,Temple,MAC (East),35,9,4,-2.21,7.84,5.63,27.94,17.73,7.17,7.92,4.44,4.41,5.37,5.69
36,Northern Illinois,MAC (West),35,11,3,10.12,-4.57,5.55,35.57,31.25,7.07,8.24,4.65,4.62,5.93,5.98
37,Tulsa,CUSA (West),35,8,5,4.78,0.42,5.20,34.31,24.32,7.05,7.79,4.21,3.76,5.72,5.34
38,Miami (FL),ACC (Coastal),35,6,6,0.62,4.56,5.17,29.24,19.79,7.79,7.84,4.11,4.66,6.00,5.84
39,Mississippi State,SEC (West),35,7,6,-0.82,5.96,5.13,28.18,18.67,6.72,6.45,3.95,4.42,5.33,5.11
40,Arizona State,Pac-12 (South),35,6,7,7.13,-2.03,5.10,36.79,25.08,7.46,8.17,3.67,4.79,6.06,6.09
1,Stanford,Pac-10,4,12,1,11.33,10.47,21.80,45.54,12.56,9.39,5.97,4.55,4.55,6.72,5.17
2,Oregon,Pac-10,3,12,1,13.04,8.50,21.54,51.13,14.36,8.43,5.29,5.28,4.28,6.68,4.71
3,Auburn,SEC (West),1,14,0,16.15,4.52,20.66,46.36,18.58,10.60,6.13,5.84,3.94,7.52,5.19
4,Boise State,WAC,9,12,1,5.85,12.84,18.69,44.94,12.13,9.84,4.95,4.07,4.18,6.92,4.26
5,Alabama,SEC (West),10,10,3,4.12,14.19,18.31,39.34,9.36,9.79,5.37,4.60,3.96,6.93,4.53
6,Texas Christian,MWC,2,13,0,5.64,12.32,17.96,41.33,12.25,8.98,4.78,4.26,4.42,6.23,4.49
7,Ohio State,Big Ten,5,12,1,4.66,12.70,17.37,39.18,12.59,8.45,5.12,4.35,3.81,6.09,4.44
8,Oklahoma,Big 12 (South),6,12,2,10.21,6.91,17.11,41.43,17.63,8.09,5.79,2.60,4.73,5.52,5.18
9,Oklahoma State,Big 12 (South),13,11,2,15.10,1.53,16.62,45.46,22.96,8.54,5.97,4.08,4.53,6.55,5.17
10,LSU,SEC (West),8,11,2,6.33,8.80,15.13,34.77,14.81,7.33,5.65,4.22,4.42,5.46,4.82
11,Arkansas,SEC (West),12,10,3,11.35,3.13,14.48,41.59,19.80,9.90,6.34,4.29,4.62,7.23,5.24
12,Florida State,ACC (Atlantic),17,10,4,6.93,7.27,14.20,36.82,16.63,8.03,6.49,4.42,4.38,6.07,5.28
13,Virginia Tech,ACC (Coastal),16,11,3,7.39,6.64,14.03,36.14,17.19,8.59,6.49,4.16,5.57,5.98,5.85
14,Wisconsin,Big Ten,7,11,2,9.19,4.83,14.02,42.36,19.25,9.48,6.41,4.63,5.04,6.39,5.58
15,Missouri,Big 12 (North),18,10,3,3.09,10.89,13.98,32.25,13.90,6.96,5.84,3.78,5.32,5.47,5.43
16,South Carolina,SEC (East),22,9,5,5.77,7.20,12.97,35.43,16.75,9.01,6.42,3.81,3.71,6.11,5.05
17,Nebraska,Big 12 (North),20,10,4,4.04,8.81,12.85,32.54,15.50,7.77,5.64,4.43,5.07,5.82,5.04
18,Nevada,WAC,11,13,1,11.09,0.87,11.96,40.27,23.71,8.59,7.05,4.93,5.52,6.56,6.18
19,Texas A&M,Big 12 (South),19,9,4,5.10,6.28,11.39,34.34,17.94,7.40,5.77,3.28,4.29,5.42,4.90
20,North Carolina State,ACC (Atlantic),25,9,4,6.34,4.66,11.00,35.20,19.44,7.06,7.11,2.98,4.15,5.16,5.56
21,Notre Dame,Ind,30,8,5,3.15,7.20,10.35,30.65,16.22,6.98,5.69,3.42,4.38,5.34,5.11
22,Iowa,Big Ten,30,8,5,1.62,8.53,10.15,30.46,14.82,8.61,5.88,3.30,4.12,5.77,5.10
23,Michigan State,Big Ten,14,11,2,4.40,5.51,9.91,31.79,21.05,8.36,6.29,3.63,4.76,5.88,5.50
24,USC,Pac-10,30,8,5,8.08,1.48,9.57,37.27,20.35,7.45,6.65,4.58,5.11,6.07,5.77
25,West Virginia,Big East,30,9,4,-0.85,10.36,9.51,27.52,13.90,7.42,6.06,3.42,3.78,5.23,4.81
26,Florida,SEC (East),30,8,5,5.35,3.95,9.30,35.70,19.07,6.77,5.53,3.94,4.30,5.26,4.75
27,Mississippi State,SEC (West),15,9,4,0.13,8.98,9.11,30.03,14.39,8.49,5.95,3.92,3.91,5.58,4.95
28,Arizona State,Pac-10,30,6,6,6.84,1.58,8.42,36.97,19.85,7.79,6.42,3.29,3.90,5.73,5.08
29,Utah,MWC,30,10,3,2.92,5.38,8.30,35.20,20.02,8.19,7.30,3.67,4.45,5.99,5.64
30,Miami (FL),ACC (Coastal),30,7,6,2.12,6.14,8.26,31.46,18.03,7.45,5.73,4.32,4.86,5.84,5.01
31,Arizona,Pac-10,30,7,6,2.76,5.38,8.14,33.60,16.37,8.19,6.08,3.38,4.19,6.00,4.91
32,Illinois,Big Ten,30,7,6,5.51,2.26,7.77,33.39,21.70,6.94,6.62,4.15,4.65,5.26,5.55
33,Oregon State,Pac-10,35,5,7,4.57,3.03,7.60,33.39,18.03,7.61,6.86,3.33,4.58,5.52,5.34
34,Pitt,Big East,35,8,5,1.76,5.64,7.40,29.79,18.55,7.52,6.19,4.02,4.29,5.67,5.07
35,Clemson,ACC (Atlantic),35,6,7,0.21,7.14,7.35,28.11,16.33,6.62,6.26,3.61,4.05,5.03,4.98
36,Maryland,ACC (Atlantic),23,9,4,2.77,4.25,7.02,33.76,20.85,7.31,5.91,3.43,4.21,5.32,5.07
37,Air Force,MWC,35,9,4,4.05,2.82,6.87,31.06,21.31,9.23,5.64,4.23,5.98,5.62,5.73
38,Hawaii,WAC,35,10,4,5.69,0.86,6.55,37.78,25.54,8.71,6.85,3.49,4.93,6.91,5.68
39,Georgia,SEC (East),35,6,7,2.63,3.72,6.35,35.28,19.44,9.08,6.77,3.63,4.45,6.10,5.21
40,San Diego State,MWC,35,9,4,6.72,-0.66,6.07,34.26,24.41,9.07,6.08,3.36,5.01,6.33,5.53
1,Alabama,SEC (West),1,14,0,7.09,16.60,23.69,37.15,5.95,7.27,5.58,5.10,2.65,6.19,3.93
2,Florida,SEC (East),3,13,1,5.61,15.54,21.15,40.09,7.94,8.45,6.00,5.63,3.15,7.00,4.12
3,Texas,Big 12 (South),2,13,1,11.08,9.12,20.21,44.12,13.47,6.75,6.21,4.21,2.72,5.84,3.99
4,Virginia Tech,ACC (Coastal),10,10,3,8.01,10.56,18.57,37.97,12.39,9.51,6.36,4.78,4.19,6.39,4.93
5,Texas Christian,MWC,6,12,1,5.91,11.14,17.05,38.36,13.28,7.98,6.30,4.71,3.46,6.22,4.48
6,Oregon,Pac-10,11,10,3,12.09,3.39,15.48,41.02,19.80,6.64,6.55,5.55,3.41,6.16,4.60
7,Ohio State,Big Ten,5,11,2,1.58,13.13,14.71,31.21,11.06,6.58,5.98,4.35,2.96,5.41,4.30
8,Cincinnati,Big East,8,12,1,11.76,2.47,14.23,41.02,21.69,7.56,7.75,4.83,3.88,6.79,5.38
9,Penn State,Big Ten,9,11,2,2.04,11.82,13.86,30.31,12.59,6.91,6.91,4.75,3.46,6.04,4.85
10,Georgia Tech,ACC (Coastal),13,11,3,11.79,1.75,13.54,39.07,21.95,10.40,7.92,5.13,5.36,6.29,6.31
11,Boise State,WAC,4,14,0,7.15,6.36,13.50,38.62,18.44,6.85,6.70,4.11,4.48,5.80,5.16
12,Oklahoma,Big 12 (South),30,8,5,1.15,12.06,13.21,34.95,8.97,6.71,5.77,3.59,3.21,5.56,4.08
13,Arkansas,SEC (West),30,8,5,11.43,1.71,13.14,40.41,21.09,8.35,8.61,4.42,3.90,6.82,5.74
14,Pitt,Big East,15,10,3,7.59,5.16,12.75,34.73,18.32,7.14,7.23,4.81,3.68,6.03,5.24
15,LSU,SEC (West),17,9,4,2.28,10.42,12.70,30.37,11.93,6.52,6.48,3.86,3.29,5.30,4.49
16,Miami (FL),ACC (Coastal),19,9,4,8.37,3.82,12.20,35.35,18.99,7.82,7.27,3.74,4.10,5.92,5.40
17,Clemson,ACC (Atlantic),24,9,5,5.49,6.24,11.73,34.20,16.47,6.27,6.42,4.43,3.88,5.53,4.71
18,Ole Miss,SEC (West),20,9,4,3.89,7.61,11.50,32.61,15.87,6.78,6.56,4.83,3.89,5.95,4.85
19,Nebraska,Big 12 (North),14,10,4,-3.40,14.81,11.41,28.81,6.85,6.14,5.74,3.89,3.25,5.13,4.08
20,Stanford,Pac-10,30,8,5,12.23,-1.35,10.88,39.97,24.19,8.29,8.28,5.22,4.58,6.55,6.09
21,Texas Tech,Big 12 (South),21,9,4,8.70,2.09,10.79,38.55,19.37,6.79,7.27,3.29,3.92,6.17,5.07
22,Auburn,SEC (West),30,8,5,11.13,-0.87,10.26,38.19,24.28,7.36,7.07,5.19,4.19,6.30,5.28
23,Iowa,Big Ten,7,11,2,0.25,10.01,10.26,25.71,13.73,6.44,5.68,3.20,3.75,4.99,4.44
24,Brigham Young,MWC,12,11,2,5.62,4.05,9.67,35.98,21.26,7.86,7.09,3.48,4.03,5.94,5.26
25,USC,Pac-10,22,9,4,2.21,6.90,9.11,30.60,17.06,7.08,6.63,4.95,3.91,6.15,4.96
26,Georgia,SEC (East),30,8,5,7.16,1.89,9.06,34.58,20.86,7.31,7.51,4.76,3.30,6.18,5.01
27,Tennessee,SEC (East),30,7,6,5.30,3.64,8.94,35.46,18.90,7.08,6.18,4.39,4.03,5.94,4.82
28,Oregon State,Pac-10,30,8,5,7.16,1.31,8.47,33.50,21.46,6.58,7.52,3.95,3.88,5.63,5.44
29,Wisconsin,Big Ten,16,10,3,5.11,3.08,8.19,32.97,21.09,7.36,8.02,4.22,3.43,5.65,5.32
30,North Carolina,ACC (Coastal),30,8,5,-0.80,8.84,8.04,25.33,13.78,5.29,5.90,3.18,3.41,4.36,4.43
31,Connecticut,Big East,35,8,5,8.16,-0.13,8.03,35.36,22.89,6.86,8.32,4.25,4.27,5.60,5.84
32,Oklahoma State,Big 12 (South),35,9,4,2.24,5.76,8.01,30.16,17.04,6.24,6.96,4.27,3.45,5.33,4.80
33,West Virginia,Big East,25,9,4,2.71,4.76,7.48,28.08,19.38,6.09,7.14,4.64,4.04,5.46,5.26
34,Utah,MWC,18,10,3,3.34,3.94,7.28,29.81,20.43,6.42,6.56,3.83,4.36,5.37,5.05
35,South Carolina,SEC (East),35,7,6,-0.52,7.62,7.10,25.41,14.62,6.22,6.48,3.62,3.61,5.26,4.55
36,Arizona,Pac-10,35,8,5,5.35,1.64,6.98,31.96,21.55,5.54,6.97,4.87,4.10,5.52,5.25
37,Air Force,MWC,35,8,5,-0.78,7.35,6.57,28.91,16.71,6.44,7.02,3.99,4.50,4.60,5.25
38,Notre Dame,Ind,35,6,6,5.71,0.78,6.49,32.46,21.30,7.76,8.22,3.66,4.57,6.10,6.07
39,Rutgers,Big East,35,9,4,0.71,5.63,6.34,28.61,19.38,6.19,8.08,3.46,3.66,4.82,5.44
40,Florida State,ACC (Atlantic),35,7,6,9.19,-3.11,6.08,34.93,26.01,7.77,8.83,4.54,5.79,6.46,6.87
1,Florida,SEC (East),1,13,1,11.01,14.36,25.37,47.79,8.88,8.36,6.34,5.74,4.11,7.15,4.72
2,Oklahoma,Big 12 (South),5,12,2,19.85,4.94,24.79,54.77,16.73,8.71,6.76,4.21,4.06,6.79,4.94
3,Texas,Big 12 (South),4,12,1,11.93,12.05,23.98,44.33,10.54,8.26,7.01,3.51,3.62,6.22,5.00
4,USC,Pac-10,3,12,1,5.49,16.76,22.24,42.08,5.28,8.48,5.26,4.57,3.37,6.78,3.73
5,Penn State,Big Ten,8,11,2,8.19,9.62,17.82,42.91,12.63,7.72,6.97,4.85,3.36,6.56,4.65
6,Alabama,SEC (West),6,12,2,5.57,10.57,16.15,34.46,13.14,6.55,6.63,4.18,3.31,5.50,4.62
7,Texas Tech,Big 12 (South),12,11,2,12.60,2.86,15.46,43.32,21.58,6.75,7.37,4.15,4.87,6.53,5.50
8,Ohio State,Big Ten,9,10,3,1.50,12.44,13.94,32.29,10.17,6.76,6.04,4.43,4.22,5.61,4.66
9,Utah,MWC,2,13,0,8.13,5.65,13.79,37.05,18.41,6.46,7.33,3.44,4.00,5.38,5.12
10,Texas Christian,MWC,7,11,2,0.40,13.07,13.47,33.18,10.35,5.67,6.70,3.58,2.70,4.91,4.14
11,Missouri,Big 12 (North),19,10,4,9.73,3.39,13.11,43.59,20.77,7.18,7.14,4.55,4.08,6.56,5.21
12,Oklahoma State,Big 12 (South),16,9,4,11.55,1.54,13.09,41.14,20.90,8.80,7.16,4.87,4.97,6.73,5.53
13,Boise State,WAC,11,12,1,2.11,10.72,12.83,34.12,13.86,7.40,6.84,3.45,4.34,5.95,4.89
14,Oregon,Pac-10,10,10,3,14.70,-2.32,12.39,45.98,24.72,6.96,7.06,5.56,3.82,6.69,4.98
15,Ole Miss,SEC (West),14,9,4,6.42,5.69,12.11,35.73,17.66,7.73,7.84,4.07,3.46,5.97,5.17
16,Georgia,SEC (East),13,10,3,10.25,1.35,11.60,37.15,23.60,8.43,7.60,4.32,4.45,6.77,5.46
17,Iowa,Big Ten,20,9,4,0.60,10.51,11.11,31.98,12.03,6.45,6.42,4.37,4.03,5.60,4.81
18,Nebraska,Big 12 (North),30,9,4,10.43,0.49,10.92,38.02,24.44,7.79,8.61,3.86,4.68,6.22,5.86
19,Florida State,ACC (Atlantic),21,9,4,6.11,4.56,10.67,36.98,19.87,5.64,7.39,4.31,4.60,5.35,5.40
20,California,Pac-10,30,9,4,4.33,6.10,10.43,35.90,16.86,5.79,6.42,4.91,3.97,5.85,4.57
21,Oregon State,Pac-10,18,9,4,5.93,4.33,10.26,34.83,18.03,6.97,7.15,3.88,4.45,5.86,5.08
22,Kansas,Big 12 (North),30,8,5,8.38,0.85,9.23,34.79,23.16,6.81,7.27,3.21,4.88,5.62,5.64
23,Arizona,Pac-10,30,8,5,7.42,1.79,9.21,37.93,19.88,7.19,6.78,3.34,4.83,5.64,5.20
24,Pitt,Big East,30,9,4,4.79,4.08,8.87,31.05,19.70,5.98,7.33,3.20,4.03,4.91,5.09
25,Virginia Tech,ACC (Coastal),15,10,4,0.49,7.66,8.14,25.16,16.44,5.20,8.51,3.39,4.10,4.33,5.52
26,Michigan State,Big Ten,24,9,4,2.23,5.70,7.92,28.94,18.56,6.41,7.37,2.95,4.40,4.92,5.34
27,North Carolina,ACC (Coastal),30,8,5,5.54,2.36,7.90,31.73,21.66,6.95,7.74,3.11,4.45,5.16,5.55
28,Wake Forest,ACC (Atlantic),30,8,5,-0.27,7.71,7.45,25.99,15.85,5.52,6.93,2.69,4.01,4.34,5.02
29,West Virginia,Big East,23,9,4,1.67,5.42,7.09,26.83,18.71,5.34,7.45,4.85,4.54,5.47,5.40
30,Tulsa,CUSA (West),30,11,3,12.09,-5.03,7.06,42.89,30.84,8.22,9.35,4.29,5.09,6.39,6.40
31,Clemson,ACC (Atlantic),30,7,6,0.67,6.30,6.97,28.14,17.18,5.99,6.51,2.93,4.65,4.88,5.07
32,Georgia Tech,ACC (Coastal),22,9,4,1.72,5.06,6.78,26.42,19.90,6.71,7.43,5.09,4.67,5.73,5.50
33,Boston College,ACC (Atlantic),30,9,5,1.70,5.02,6.72,28.83,19.29,4.54,7.14,3.35,3.71,4.39,4.98
34,Rutgers,Big East,35,8,5,1.02,5.33,6.35,29.84,19.77,7.16,9.17,3.21,4.29,5.70,5.89
35,Ball State,MAC (West),35,12,2,3.12,3.14,6.26,29.88,22.18,6.97,7.68,3.67,5.45,5.72,5.97
36,Cincinnati,Big East,17,11,3,1.18,4.85,6.03,26.46,19.75,6.14,7.38,3.03,4.06,5.19,5.15
37,LSU,SEC (West),35,8,5,6.00,-0.09,5.91,33.03,23.75,5.88,7.51,3.82,4.04,5.19,5.30
38,South Carolina,SEC (East),35,7,6,-1.89,7.10,5.21,25.03,18.37,5.52,7.12,2.55,4.17,4.58,4.91
39,Brigham Young,MWC,25,10,3,4.87,0.09,4.96,33.41,24.10,7.06,8.22,3.26,5.02,5.93,5.97
40,Miami (FL),ACC (Coastal),35,7,6,4.45,0.40,4.85,31.34,22.55,5.28,7.61,3.51,4.77,4.89,5.51
1,West Virginia,Big East,6,11,2,9.51,9.58,19.09,43.48,15.08,7.37,6.54,5.52,3.96,6.57,4.60
2,LSU,SEC (West),1,12,2,10.50,7.92,18.41,44.49,16.99,6.94,6.22,4.58,3.75,6.02,4.52
3,USC,Pac-10,3,11,2,5.53,12.57,18.10,36.34,11.96,6.28,6.21,4.94,2.74,6.07,3.94
4,Florida,SEC (East),13,9,4,15.18,2.88,18.06,48.84,21.75,9.28,7.85,4.85,3.63,7.22,5.30
5,Oregon,Pac-10,23,9,4,11.59,6.23,17.82,44.07,18.63,6.58,7.08,5.41,3.71,6.33,4.89
6,Georgia,SEC (East),2,11,2,8.10,9.10,17.20,36.98,15.63,6.63,6.90,4.02,3.81,5.59,4.74
7,Missouri,Big 12 (North),4,12,2,11.56,5.21,16.77,43.05,18.00,6.92,6.97,4.15,4.02,6.12,4.99
8,Oklahoma,Big 12 (South),8,11,3,7.39,8.48,15.87,44.01,15.74,8.09,7.04,4.15,3.88,6.28,4.87
9,Ohio State,Big Ten,5,11,2,0.11,14.73,14.84,31.76,11.33,6.82,5.70,3.85,2.93,5.43,3.81
10,Kansas,Big 12 (North),7,12,1,3.73,10.72,14.45,41.08,14.85,6.70,6.48,4.03,3.74,5.87,4.70
11,Virginia Tech,ACC (Coastal),9,11,3,2.42,11.80,14.22,31.66,14.40,6.61,6.40,3.04,3.73,4.85,4.65
12,Arizona State,Pac-10,16,10,3,6.73,6.94,13.67,37.05,17.94,7.54,6.70,3.29,3.87,5.60,4.76
13,Cincinnati,Big East,17,10,3,6.69,6.71,13.40,38.29,18.11,7.43,7.26,3.32,3.98,5.87,5.15
14,South Florida,Big East,30,9,4,7.42,4.95,12.37,38.75,20.24,6.66,6.05,3.76,4.45,5.51,4.82
15,Auburn,SEC (West),15,9,4,-0.30,12.17,11.87,28.07,11.85,6.06,6.18,3.43,4.06,4.94,4.55
16,Tennessee,SEC (East),12,10,4,8.03,3.65,11.68,37.29,22.72,6.62,7.36,3.85,4.42,5.82,5.38
17,Clemson,ACC (Atlantic),21,9,4,4.92,6.48,11.40,36.22,19.67,6.35,6.65,3.58,4.56,5.29,5.08
18,Brigham Young,MWC,14,11,2,4.50,6.61,11.11,32.37,19.14,7.19,6.79,3.47,3.75,5.88,4.79
19,Texas,Big 12 (South),10,10,3,7.77,3.22,10.99,38.82,21.30,6.78,7.60,4.60,3.51,6.12,5.11
20,Oregon State,Pac-10,25,9,4,2.97,6.96,9.93,33.79,18.38,5.55,7.34,4.20,2.35,5.26,4.32
21,Boston College,ACC (Atlantic),10,11,3,5.05,4.70,9.75,31.42,21.41,6.40,7.17,2.81,3.64,5.48,5.27
22,Kentucky,SEC (East),30,8,5,10.17,-0.73,9.43,39.93,25.39,6.60,6.59,3.69,5.17,5.68,5.29
23,Penn State,Big Ten,30,9,4,2.39,6.70,9.09,33.13,19.01,5.97,7.49,4.28,3.60,5.50,5.08
24,Arkansas,SEC (West),30,8,5,7.99,0.92,8.91,39.95,24.45,6.46,6.47,5.28,4.90,6.19,5.11
25,California,Pac-10,30,7,6,5.85,2.60,8.46,34.50,22.16,6.51,6.77,5.01,4.16,6.24,4.85
26,Texas Tech,Big 12 (South),22,9,4,6.61,1.68,8.28,40.66,23.73,6.87,6.90,2.53,4.62,6.50,4.99
27,Alabama,SEC (West),30,7,6,3.18,4.91,8.09,31.75,20.04,5.76,7.55,3.56,3.94,5.12,5.22
28,Illinois,Big Ten,20,9,4,3.23,4.84,8.07,30.93,20.92,6.03,7.37,5.23,4.50,5.94,5.45
29,UCLA,Pac-10,30,6,7,0.28,7.69,7.97,29.41,17.42,6.06,6.58,3.98,3.26,5.28,4.40
30,Michigan,Big Ten,18,9,4,0.78,7.13,7.91,28.97,18.48,6.02,6.62,3.46,4.44,5.02,4.95
31,Utah,MWC,30,9,4,-3.13,10.51,7.37,27.59,15.84,5.70,5.94,3.63,4.49,5.03,4.77
32,South Carolina,SEC (East),30,6,6,1.53,5.62,7.15,29.67,18.39,6.63,6.16,3.13,5.27,5.50,5.19
33,Connecticut,Big East,35,9,4,-0.93,8.00,7.07,28.47,18.51,6.16,6.39,3.28,5.64,4.93,5.50
34,Wake Forest,ACC (Atlantic),35,9,4,2.53,4.54,7.07,30.25,21.79,5.89,6.45,2.65,4.32,4.47,5.05
35,Rutgers,Big East,35,8,5,2.52,4.22,6.75,33.84,21.11,7.79,6.38,3.89,5.02,6.05,5.14
36,Michigan State,Big Ten,35,7,6,8.70,-2.01,6.69,36.51,27.22,6.84,7.86,4.12,4.66,5.66,5.66
37,Oklahoma State,Big 12 (South),35,7,6,7.14,-0.47,6.67,36.95,23.82,7.61,8.37,4.91,4.75,6.48,5.85
38,Hawaii,WAC,19,12,1,7.95,-1.59,6.36,39.89,28.70,7.37,7.17,2.24,4.50,6.54,5.20
39,Boise State,WAC,35,10,3,3.99,2.32,6.31,38.77,24.44,6.76,7.36,3.66,4.82,5.74,5.38
40,UCF,CUSA (East),35,10,4,3.91,2.22,6.13,32.69,26.05,6.10,7.01,3.85,4.43,5.13,5.15
1,USC,Pac-10,4,11,2,9.19,11.17,20.36,35.80,9.30,6.75,7.10,4.43,2.75,6.11,4.45
2,Louisville,Big East,6,12,1,13.21,6.73,19.94,40.58,14.50,8.79,7.57,5.12,3.50,7.15,5.16
3,Florida,SEC (East),1,13,1,7.58,12.08,19.66,35.05,8.56,7.62,6.11,4.81,2.61,6.62,3.94
4,LSU,SEC (West),3,11,2,6.91,11.94,18.86,37.93,9.72,8.00,6.22,4.92,3.25,6.81,4.05
5,Ohio State,Big Ten,2,12,1,7.40,11.36,18.76,36.82,10.79,7.04,6.92,4.99,3.13,6.14,4.55
6,West Virginia,Big East,10,11,2,15.22,1.58,16.80,41.51,19.96,7.97,8.36,6.75,3.07,7.37,5.32
7,Michigan,Big Ten,8,11,2,7.41,9.25,16.66,31.98,12.34,6.44,6.92,4.32,1.81,5.50,4.29
8,California,Pac-10,14,10,3,11.20,5.16,16.36,36.65,15.83,6.89,8.57,5.13,3.89,6.51,5.64
9,Brigham Young,MWC,16,11,2,9.25,5.96,15.21,38.17,15.67,8.10,7.51,4.07,4.14,6.75,5.35
10,Boise State,WAC,5,13,0,10.21,4.44,14.65,36.80,17.69,6.95,7.84,4.67,3.57,5.94,5.05
11,Tennessee,SEC (East),25,9,4,7.82,6.34,14.15,33.06,13.89,7.39,7.47,3.78,3.67,6.27,4.80
12,Auburn,SEC (West),9,11,2,3.65,9.86,13.51,28.75,11.05,7.17,7.30,4.23,3.76,5.79,4.77
13,Arkansas,SEC (West),15,10,4,7.46,5.66,13.12,34.22,15.98,6.13,6.64,6.09,3.59,6.57,4.56
14,Rutgers,Big East,12,11,2,3.92,8.96,12.88,31.09,12.40,6.20,7.42,4.69,2.65,5.59,4.29
15,Oklahoma,Big 12 (South),11,11,3,5.49,7.27,12.75,32.46,12.32,6.70,7.05,4.50,3.12,5.71,4.52
16,Virginia Tech,ACC (Coastal),19,10,3,2.54,9.93,12.47,28.62,11.97,6.50,6.71,3.41,3.01,5.12,4.17
17,Texas,Big 12 (South),13,10,3,7.27,4.92,12.18,36.79,15.55,6.89,8.70,4.19,2.33,5.85,5.14
18,Wisconsin,Big Ten,7,12,1,2.69,9.28,11.97,27.42,13.14,6.94,6.31,3.75,3.85,5.39,4.50
19,Notre Dame,Ind,17,10,3,10.80,0.53,11.32,34.75,21.38,6.37,9.08,4.13,3.70,5.82,5.59
20,Hawaii,WAC,30,11,3,13.47,-2.76,10.71,43.75,25.01,8.17,9.11,5.05,4.34,8.09,5.97
21,Georgia,SEC (East),23,9,4,5.18,5.03,10.21,29.99,15.97,6.05,6.50,4.04,3.40,5.47,4.26
22,Boston College,ACC (Atlantic),20,10,3,3.55,6.41,9.96,27.06,14.66,5.51,7.05,3.41,3.73,5.07,4.91
23,Oregon State,Pac-10,21,10,4,5.74,3.93,9.67,30.27,17.62,6.84,8.37,3.58,3.45,5.61,5.23
24,South Carolina,SEC (East),30,8,5,4.22,5.45,9.67,29.96,15.35,7.53,8.63,4.59,4.08,6.57,5.40
25,Texas Christian,MWC,22,11,2,0.55,8.72,9.27,27.71,12.83,6.42,7.38,4.17,2.76,5.54,4.43
26,Nebraska,Big 12 (North),30,9,5,3.79,5.13,8.92,32.53,15.39,7.10,7.90,4.42,3.63,5.96,5.27
27,UCLA,Pac-10,30,7,6,2.15,6.57,8.71,26.48,14.40,5.31,8.00,4.04,2.84,5.14,4.80
28,Clemson,ACC (Atlantic),30,8,5,3.15,5.04,8.19,33.25,16.30,6.32,7.16,5.49,3.29,6.27,4.51
29,Missouri,Big 12 (North),30,8,5,6.12,2.03,8.15,32.39,18.74,6.75,7.50,4.27,3.81,6.03,4.99
30,Wake Forest,ACC (Atlantic),18,11,3,0.37,7.59,7.95,23.63,14.00,6.69,8.21,3.91,3.19,5.25,5.11
31,Penn State,Big Ten,24,9,4,-2.04,8.93,6.89,22.36,12.92,4.87,6.92,4.30,3.06,5.07,4.50
32,Kentucky,SEC (East),30,8,5,7.48,-0.83,6.65,31.48,23.97,7.57,9.10,3.33,4.88,6.09,6.29
33,Texas A&M,Big 12 (South),35,9,4,2.61,3.92,6.53,27.37,16.28,6.07,7.92,4.88,4.24,5.69,5.37
34,Georgia Tech,ACC (Coastal),35,9,5,2.75,3.75,6.50,26.96,17.13,5.20,7.18,4.55,3.31,5.27,4.77
35,Arizona State,Pac-10,35,7,6,4.68,1.59,6.28,30.27,21.27,6.18,8.29,4.59,3.62,5.66,5.21
36,Florida State,ACC (Atlantic),35,7,6,3.57,2.63,6.19,30.10,19.38,5.80,7.69,3.71,3.00,5.47,4.78
37,Oklahoma State,Big 12 (South),35,7,6,8.93,-2.89,6.04,36.78,23.31,7.10,8.81,5.08,4.16,6.23,5.63
38,Oregon,Pac-10,35,7,6,7.07,-1.13,5.94,33.86,22.73,5.40,7.34,5.27,4.37,5.84,5.16
39,South Florida,Big East,35,9,4,0.12,5.83,5.94,23.49,15.27,6.94,7.14,3.87,3.29,5.54,4.61
40,Arizona,Pac-10,35,6,6,-2.33,8.17,5.84,21.01,13.74,4.77,7.73,2.92,3.81,4.29,5.15
1,Texas,Big 12 (South),1,13,0,14.05,10.93,24.98,53.80,12.27,9.25,5.44,5.86,3.77,7.19,4.35
2,USC,Pac-10,2,12,1,17.06,7.51,24.57,52.47,15.02,8.80,5.82,6.00,3.99,7.51,4.66
3,Ohio State,Big Ten,4,10,2,7.09,15.88,22.97,37.00,6.26,9.44,5.53,4.21,2.27,6.32,3.89
4,Penn State,Big Ten,3,11,1,8.75,11.66,20.41,39.16,11.55,7.78,5.37,4.78,2.68,6.07,3.94
5,Virginia Tech,ACC (Coastal),7,11,2,6.14,12.83,18.96,38.43,11.34,8.55,5.06,4.03,3.59,5.75,4.18
6,Notre Dame,Ind,9,9,3,14.72,2.74,17.46,42.79,19.62,9.11,7.21,3.50,4.19,6.30,5.67
7,Miami (FL),ACC (Coastal),17,9,3,3.83,11.26,15.09,31.64,13.13,8.18,5.22,3.57,3.67,5.67,4.18
8,Michigan,Big Ten,,7,5,5.19,9.67,14.86,34.24,12.84,6.94,5.51,3.53,3.94,5.13,4.63
9,LSU,SEC (West),6,11,2,4.35,9.83,14.18,33.34,14.47,8.12,5.35,3.41,3.63,5.63,4.30
10,Georgia,SEC (East),10,10,3,5.10,8.65,13.75,33.04,14.84,8.47,6.23,4.34,4.34,6.34,4.94
11,Auburn,SEC (West),14,9,3,5.62,8.01,13.63,35.21,16.41,7.95,6.74,4.32,4.37,6.07,5.33
12,Oregon,Pac-10,12,10,2,8.22,4.91,13.13,36.88,19.23,7.53,5.65,3.44,4.32,5.77,4.80
13,West Virginia,Big East,5,11,1,6.53,6.52,13.05,34.99,16.66,7.41,6.33,4.71,3.60,5.74,4.68
14,Alabama,SEC (West),8,10,2,0.15,12.74,12.89,26.32,10.86,7.62,5.58,3.42,4.14,5.46,4.58
15,Florida,SEC (East),12,9,3,5.40,6.92,12.32,33.47,17.74,7.56,6.46,3.59,3.76,5.58,4.87
16,Boston College,ACC (Atlantic),18,9,3,1.21,10.80,12.01,28.81,13.14,7.37,5.96,3.54,3.23,5.48,4.51
17,Wisconsin,Big Ten,15,10,3,8.09,3.71,11.81,35.98,19.81,8.86,6.66,3.33,4.97,5.55,5.64
18,Texas Tech,Big 12 (South),20,9,3,5.26,6.15,11.40,40.50,18.58,7.69,6.18,3.84,4.54,6.55,5.09
19,Minnesota,Big Ten,30,7,5,12.31,-1.00,11.31,41.20,24.44,8.52,6.94,5.05,4.72,6.42,5.76
20,Iowa,Big Ten,30,7,5,3.66,7.64,11.30,32.27,15.70,7.67,6.67,4.38,3.69,6.04,5.11
21,Oklahoma,Big 12 (South),22,8,4,4.65,6.59,11.24,30.79,16.17,6.62,5.89,3.76,2.97,5.07,4.28
22,UCLA,Pac-10,16,10,2,13.68,-2.46,11.22,41.61,29.42,8.36,6.56,4.11,5.56,6.27,5.76
23,Texas Christian,MWC,11,11,1,4.83,6.38,11.21,32.77,19.08,6.40,6.17,3.82,3.66,5.06,4.77
24,Louisville,Big East,19,9,3,11.63,-0.51,11.12,46.10,24.66,9.61,7.13,4.38,3.81,6.91,5.16
25,Clemson,ACC (Atlantic),21,8,4,4.87,6.22,11.09,29.76,16.71,7.69,6.33,4.03,4.02,5.80,4.90
26,Arizona State,Pac-10,30,7,5,11.21,-1.59,9.63,38.77,24.80,9.28,7.86,3.59,4.82,6.69,5.94
27,Florida State,ACC (Atlantic),23,8,5,5.93,3.43,9.36,34.34,20.02,7.56,6.26,3.11,3.40,5.74,4.62
28,Northwestern,Big Ten,30,7,5,11.28,-2.01,9.27,37.37,27.09,7.40,6.62,4.69,5.19,6.18,5.75
29,California,Pac-10,25,8,4,3.58,5.07,8.64,32.08,18.41,6.99,6.20,5.23,3.87,6.14,4.79
30,Iowa State,Big 12 (North),30,7,5,3.52,4.96,8.48,29.91,18.53,7.75,7.18,2.52,3.45,4.87,5.19
31,Michigan State,Big Ten,30,5,6,6.81,1.52,8.32,37.11,22.91,8.77,6.76,4.60,4.91,6.58,5.61
32,Nebraska,Big 12 (North),24,8,4,2.97,4.60,7.57,28.36,18.74,6.38,6.43,2.69,3.94,4.65,4.90
33,Georgia Tech,ACC (Coastal),30,7,5,-1.03,8.35,7.31,24.59,16.97,6.26,6.27,3.72,3.43,5.05,4.77
34,Purdue,Big Ten,35,5,6,5.31,1.82,7.13,33.38,21.64,6.40,7.43,4.37,3.70,5.45,5.33
35,Colorado,Big 12 (North),35,7,6,-1.66,8.26,6.60,27.22,18.40,6.49,6.45,3.16,3.00,5.02,4.66
36,North Carolina State,ACC (Atlantic),35,7,5,-1.59,7.32,5.73,25.53,17.03,7.08,6.02,3.21,3.62,5.04,4.52
37,Fresno State,WAC,35,8,5,4.43,1.28,5.72,33.09,22.84,7.46,6.67,3.54,5.09,5.63,5.45
38,Virginia,ACC (Coastal),35,7,5,2.71,2.90,5.61,29.68,22.12,7.80,6.59,3.57,4.79,5.59,5.51
39,South Carolina,SEC (East),35,7,5,1.04,4.21,5.24,27.49,21.70,7.66,6.22,2.66,4.61,5.29,5.06
40,Kansas,Big 12 (North),35,7,5,-1.76,6.98,5.22,24.32,19.50,5.99,6.49,3.48,3.09,4.83,4.60
1,USC,Pac-10,1,13,0,11.18,14.88,26.06,46.12,7.50,9.46,4.45,5.01,2.85,7.05,3.70
2,Utah,MWC,4,12,0,16.73,5.03,21.76,47.21,20.05,9.83,5.82,5.19,4.37,7.11,4.97
3,California,Pac-10,9,10,2,9.23,12.03,21.26,41.76,10.95,9.66,5.78,6.00,2.91,7.57,4.39
4,Oklahoma,Big 12 (South),3,12,1,8.00,13.24,21.23,38.87,10.59,8.59,5.81,5.02,2.92,6.55,4.29
5,Auburn,SEC (West),2,13,0,6.69,13.18,19.86,35.39,10.79,10.64,5.82,4.25,3.28,6.68,4.46
6,Texas,Big 12 (South),5,11,1,9.01,10.26,19.27,38.54,13.66,7.55,6.09,5.86,3.19,6.48,4.58
7,Miami (FL),ACC,11,9,3,8.34,9.69,18.03,38.28,12.42,8.49,5.49,4.07,3.52,6.20,4.28
8,Louisville,CUSA,6,11,1,10.61,6.60,17.21,46.88,17.96,9.26,5.87,5.36,3.19,7.04,4.38
9,Arizona State,Pac-10,19,9,3,8.95,6.32,15.28,38.05,17.60,8.81,5.25,3.76,3.74,6.37,4.42
10,Florida State,ACC,15,9,3,2.33,12.67,15.00,29.41,10.81,6.86,5.81,4.25,2.28,5.57,3.93
11,Iowa,Big Ten,8,10,2,4.43,9.96,14.39,30.57,14.53,8.46,5.37,2.09,2.87,5.10,4.15
12,Virginia Tech,ACC,10,10,3,1.42,12.68,14.10,34.89,10.02,8.07,5.30,4.11,3.28,5.72,4.04
13,Boise State,WAC,12,11,1,13.62,0.43,14.04,45.75,23.28,9.26,6.69,4.06,3.75,6.19,5.21
14,Virginia,ACC,23,8,4,4.72,8.85,13.57,34.43,15.35,8.14,6.78,5.21,3.66,6.39,4.97
15,Texas Tech,Big 12 (South),18,8,4,11.01,1.87,12.88,40.59,21.60,7.69,5.07,4.19,4.07,6.62,4.52
16,Georgia,SEC (East),7,10,2,4.02,8.64,12.66,32.56,15.28,8.83,6.02,4.07,3.19,6.20,4.42
17,Michigan,Big Ten,14,9,3,8.92,3.31,12.24,35.39,19.78,7.29,5.98,3.95,3.77,5.42,4.72
18,Texas A&M,Big 12 (South),30,7,5,5.70,6.37,12.07,33.22,17.28,8.92,5.85,4.78,3.43,6.74,4.58
19,LSU,SEC (West),16,9,3,3.79,8.11,11.89,33.77,15.76,8.35,4.90,4.74,3.23,6.25,3.93
20,Oregon State,Pac-10,30,7,5,7.25,4.56,11.80,35.24,18.34,8.16,4.41,2.90,3.38,5.87,3.89
21,Tennessee,SEC (East),13,10,3,8.75,2.94,11.69,34.74,20.48,8.20,6.25,4.81,3.42,6.27,4.87
22,Ohio State,Big Ten,20,8,4,2.71,8.60,11.31,29.47,15.32,7.61,5.32,4.03,3.77,5.55,4.55
23,Purdue,Big Ten,30,7,5,3.98,6.95,10.93,35.94,15.83,8.57,6.43,3.52,3.62,6.17,5.09
24,Oklahoma State,Big 12 (South),30,7,5,7.46,2.18,9.64,36.77,21.71,9.30,6.64,4.77,4.61,6.08,5.43
25,UCLA,Pac-10,30,6,6,9.61,0.01,9.61,36.78,21.49,8.62,5.61,5.03,5.30,6.63,5.37
26,Florida,SEC (East),30,7,5,5.60,3.98,9.58,35.00,19.75,8.36,5.64,4.53,3.79,6.48,4.57
27,Fresno State,WAC,22,9,3,5.61,3.94,9.55,36.11,20.17,6.95,5.65,4.83,4.33,5.79,4.80
28,Wisconsin,Big Ten,17,9,3,-1.08,9.76,8.69,25.11,14.67,6.84,5.03,3.69,4.09,4.92,4.52
29,Arkansas,SEC (West),30,5,6,6.15,0.43,6.58,35.24,22.85,9.06,7.58,4.45,4.45,6.34,5.66
30,Georgia Tech,ACC,30,7,5,-0.39,6.81,6.41,26.80,16.51,6.93,5.48,4.09,3.30,5.43,4.32
31,Stanford,Pac-10,30,4,7,-2.00,8.27,6.27,27.39,14.12,7.85,6.10,2.76,3.69,5.42,4.67
32,Notre Dame,Ind,35,6,6,2.81,3.41,6.22,30.77,19.52,8.26,7.02,3.50,2.95,5.58,5.04
33,North Carolina State,ACC,35,5,6,0.87,5.16,6.04,29.34,18.52,7.07,4.58,3.93,2.89,5.42,3.43
34,Alabama,SEC (West),35,6,6,-1.93,7.70,5.77,27.09,16.26,6.86,5.08,4.23,3.42,5.25,3.90
35,Minnesota,Big Ten,35,7,5,3.63,2.11,5.74,32.51,22.53,8.81,6.92,5.14,4.13,6.49,5.57
36,UTEP,WAC,35,8,4,4.73,0.93,5.65,31.69,23.64,7.66,6.13,3.09,4.03,5.31,4.84
37,Bowling Green State,MAC (West),35,9,3,6.44,-0.93,5.50,37.27,27.40,7.70,7.16,3.95,4.38,6.10,5.61
38,Boston College,Big East,21,9,3,-0.85,6.12,5.28,23.33,18.77,6.66,6.18,3.21,4.02,5.00,4.91
39,West Virginia,Big East,35,8,4,3.66,1.60,5.27,29.65,23.17,7.42,5.97,4.92,4.55,5.85,5.02
40,Clemson,ACC,35,6,5,1.61,3.62,5.23,28.35,19.69,6.57,5.39,3.46,3.40,5.03,4.19
1,USC,Pac-10,1,12,1,16.29,6.85,23.14,44.70,16.67,9.03,6.38,5.14,1.71,7.05,4.25
2,LSU,SEC (West),2,13,1,6.12,14.73,20.85,37.06,7.97,8.33,4.96,4.72,2.05,6.17,3.63
3,Oklahoma,Big 12 (South),3,12,2,8.33,11.95,20.27,45.66,11.61,9.02,4.48,3.95,3.22,6.32,3.84
4,Florida State,ACC,11,10,3,7.01,10.74,17.75,38.68,11.57,8.50,5.76,4.04,3.00,6.23,4.26
5,Georgia,SEC (East),7,11,3,5.73,11.74,17.46,33.74,10.45,8.23,5.40,4.01,2.81,5.86,4.05
6,Michigan,Big Ten,6,10,3,6.21,9.88,16.10,38.19,13.49,7.39,5.41,4.91,3.18,6.01,4.34
7,Kansas State,Big 12 (North),14,11,4,8.03,7.72,15.74,38.29,15.53,8.96,5.68,5.01,3.03,6.41,4.24
8,Texas,Big 12 (South),12,10,3,7.66,7.70,15.35,41.89,17.72,8.71,5.83,5.07,3.38,6.43,4.41
9,Iowa,Big Ten,8,10,3,4.72,9.94,14.66,33.07,12.71,6.95,5.91,4.60,2.31,5.41,4.06
10,Miami (FL),Big East,5,11,2,2.43,12.04,14.47,31.32,10.83,7.04,5.08,4.81,3.12,5.83,3.85
11,Miami (OH),MAC (East),10,13,1,9.63,4.59,14.21,41.45,20.40,8.74,6.67,3.86,3.43,6.44,5.07
12,Ohio State,Big Ten,4,11,2,4.78,9.22,14.00,31.00,13.75,7.82,5.59,3.82,1.72,5.47,3.86
13,Maryland,ACC,17,10,3,2.91,10.00,12.92,33.79,13.48,8.36,6.08,4.61,3.57,6.11,4.60
14,Arkansas,SEC (West),30,9,4,9.34,3.33,12.67,38.33,19.65,8.53,5.49,5.50,3.50,6.46,4.50
15,Washington State,Pac-10,9,10,3,6.16,6.15,12.31,32.43,17.62,7.63,5.12,3.68,2.64,5.60,3.98
16,Minnesota,Big Ten,20,10,3,10.99,0.89,11.88,40.94,22.84,9.55,6.45,5.76,3.46,6.85,5.01
17,Tennessee,SEC (East),15,10,3,4.50,7.03,11.53,33.72,16.37,7.77,5.68,4.14,3.35,5.92,4.41
18,Nebraska,Big 12 (North),19,10,3,0.31,10.87,11.18,27.41,12.65,7.91,5.17,4.39,3.39,5.23,4.25
19,Ole Miss,SEC (West),13,10,3,7.02,3.97,10.99,35.74,18.33,8.55,7.61,4.20,2.66,6.28,5.20
20,Purdue,Big Ten,18,9,4,3.49,7.30,10.79,32.35,15.44,7.32,6.31,3.96,2.25,5.40,4.27
21,Florida,SEC (East),24,8,5,5.30,5.37,10.67,36.32,16.86,8.52,6.13,4.77,3.81,6.50,4.80
22,Clemson,ACC,22,9,4,2.22,8.27,10.49,32.10,15.37,7.81,6.05,4.02,3.44,5.98,4.56
23,North Carolina State,ACC,30,8,5,13.25,-2.84,10.41,41.27,25.56,9.52,6.84,3.49,3.63,6.86,5.20
24,Virginia,ACC,30,8,5,3.90,6.25,10.15,32.17,16.35,7.35,6.41,4.05,4.09,5.78,5.02
25,Utah,MWC,21,10,2,5.51,4.50,10.01,30.62,19.43,8.16,6.57,3.84,3.86,5.49,5.06
26,California,Pac-10,30,8,6,8.29,1.44,9.73,35.91,21.78,8.50,6.96,4.88,3.63,6.49,5.26
27,Oklahoma State,Big 12 (South),30,9,4,6.96,2.36,9.32,36.08,23.04,7.51,6.71,5.30,4.12,6.22,5.26
28,Boise State,WAC,16,13,1,4.70,4.23,8.92,38.42,22.00,9.19,6.11,3.35,3.55,6.12,4.85
29,Virginia Tech,Big East,30,8,5,7.25,1.66,8.91,36.49,22.06,8.32,7.21,5.34,3.52,6.52,5.08
30,Auburn,SEC (West),30,8,5,-2.34,10.43,8.09,30.23,12.64,8.09,6.27,5.12,2.47,6.12,4.20
31,Oregon State,Pac-10,30,8,5,6.51,1.47,7.98,34.49,22.16,8.15,5.33,3.74,2.40,5.87,3.89
32,Michigan State,Big Ten,35,8,5,4.22,3.73,7.95,31.84,20.12,7.20,7.06,3.61,2.93,5.65,4.94
33,Texas Tech,Big 12 (South),35,8,5,14.67,-7.17,7.50,43.99,30.58,8.17,7.56,4.65,4.67,7.12,5.93
34,West Virginia,Big East,35,8,5,3.78,2.73,6.51,31.81,21.25,8.29,6.62,4.78,3.49,5.91,5.07
35,Missouri,Big 12 (North),35,8,5,2.45,4.00,6.45,30.14,19.15,6.03,6.01,5.43,4.01,5.74,4.83
36,Wisconsin,Big Ten,35,7,6,4.13,2.32,6.44,32.16,20.11,8.86,6.28,4.64,3.61,6.08,4.93
37,Pitt,Big East,35,8,5,4.29,1.81,6.10,31.25,21.89,8.89,6.85,3.23,4.36,5.98,5.41
38,Boston College,Big East,35,8,5,5.16,0.53,5.69,31.34,23.16,7.63,6.55,4.31,3.18,5.77,4.79
39,Georgia Tech,ACC,35,7,6,-1.42,7.02,5.60,26.62,16.11,6.33,6.24,4.43,2.72,5.28,4.40
40,Oregon,Pac-10,35,8,5,2.92,2.40,5.32,29.63,24.60,8.00,6.72,3.95,2.92,5.79,4.88
1,USC,Pac-10,4,11,2,12.93,11.26,24.19,43.37,10.81,8.26,5.57,4.04,3.01,6.51,3.94
2,Miami (FL),Big East,2,12,1,14.02,6.33,20.35,44.95,17.78,8.29,4.75,5.26,4.05,7.17,3.92
3,Oklahoma,Big 12 (South),5,12,2,6.67,12.36,19.02,41.30,11.53,6.59,6.40,4.34,3.39,5.72,4.18
4,Georgia,SEC (East),3,13,1,6.94,11.23,18.18,36.67,13.28,7.53,6.59,3.52,3.10,5.81,4.20
5,Ohio State,Big Ten,1,14,0,2.02,16.11,18.13,30.54,8.33,8.50,6.48,3.99,2.40,5.85,4.08
6,Texas,Big 12 (South),6,11,2,7.40,9.92,17.32,37.67,12.47,7.89,5.64,3.28,4.22,5.83,4.36
7,Kansas State,Big 12 (North),7,11,2,2.95,13.55,16.49,43.87,10.07,8.69,6.12,4.70,2.58,6.20,3.70
8,Iowa,Big Ten,8,11,2,7.19,8.76,15.94,38.04,15.70,8.32,6.85,4.81,2.61,6.52,4.44
9,Alabama,SEC (West),11,10,3,5.61,10.20,15.80,34.32,13.67,8.05,6.56,4.43,2.71,6.18,4.11
10,Florida State,ACC,21,9,5,8.99,5.87,14.86,36.86,17.52,7.16,7.20,4.82,3.96,6.25,5.03
11,Penn State,Big Ten,16,9,4,4.78,9.81,14.59,37.11,13.94,6.83,6.12,5.59,2.98,6.52,4.04
12,Washington State,Pac-10,10,10,3,8.63,4.84,13.47,36.13,18.76,7.67,6.22,3.85,3.30,6.33,4.29
13,Michigan,Big Ten,9,10,3,6.91,6.52,13.44,34.62,16.99,6.59,6.74,4.24,3.52,5.73,4.62
14,North Carolina State,ACC,12,11,3,5.18,7.68,12.86,33.32,16.68,6.92,6.19,3.61,3.66,5.64,4.33
15,Maryland,ACC,13,11,3,2.72,10.00,12.73,33.71,16.24,7.56,7.18,4.46,3.75,6.00,4.82
16,Auburn,SEC (West),14,9,4,3.60,8.77,12.36,33.57,14.76,7.75,5.98,4.74,4.06,6.21,4.45
17,Boise State,WAC,15,12,1,5.89,6.39,12.28,38.65,20.85,8.31,6.58,3.99,3.97,6.30,4.65
18,Colorado,Big 12 (North),20,9,5,5.62,6.16,11.77,32.86,16.39,6.01,6.08,4.96,4.45,5.76,4.68
19,Virginia Tech,Big East,18,10,4,3.68,7.48,11.16,33.17,16.86,8.11,7.33,4.34,3.70,5.95,4.88
20,Notre Dame,Ind,17,10,3,-0.59,11.48,10.89,26.92,12.65,6.47,6.09,3.45,2.85,5.07,4.11
21,Arkansas,SEC (West),30,9,5,4.60,5.73,10.33,32.54,18.03,6.39,7.09,4.98,3.50,5.90,4.77
22,California,Pac-10,30,7,5,10.10,0.22,10.32,38.27,22.54,6.75,7.49,3.24,3.65,5.56,4.96
23,Pitt,Big East,19,9,4,1.79,8.20,9.99,28.16,15.39,7.26,6.21,3.39,3.41,5.41,4.25
24,Texas Tech,Big 12 (South),30,9,5,12.38,-2.86,9.53,43.57,28.00,7.00,7.41,3.66,4.57,6.38,5.36
25,Oregon State,Pac-10,30,8,5,2.82,6.62,9.45,34.02,17.87,6.82,5.90,3.91,3.38,5.82,3.97
26,Boston College,Big East,30,9,4,3.14,6.09,9.22,31.48,18.14,6.71,6.61,4.19,4.13,5.81,4.77
27,UCLA,Pac-10,30,8,5,5.04,3.93,8.97,34.15,20.16,8.03,7.06,3.33,4.04,5.73,4.76
28,Virginia,ACC,22,9,5,6.70,1.90,8.60,33.87,22.22,6.84,7.17,3.66,4.43,5.65,5.17
29,Florida,SEC (East),30,8,5,2.08,6.50,8.58,31.30,17.65,6.84,5.89,3.73,3.99,5.85,4.35
30,Wisconsin,Big Ten,30,8,6,4.95,3.60,8.55,30.81,19.90,6.96,7.38,4.19,3.92,5.47,5.06
31,Washington,Pac-10,30,7,6,5.35,3.01,8.36,33.11,20.95,6.76,7.44,2.10,3.45,5.30,4.75
32,LSU,SEC (West),35,8,5,0.38,7.97,8.35,29.13,16.16,5.88,5.57,4.49,4.19,5.46,4.29
33,Purdue,Big Ten,35,7,6,4.57,3.02,7.59,31.82,20.50,6.98,6.48,4.37,3.62,5.92,4.54
34,Tennessee,SEC (East),35,8,5,-1.66,9.06,7.41,26.33,14.99,7.16,6.00,3.67,3.52,5.57,4.08
35,West Virginia,Big East,25,9,4,2.93,4.37,7.30,32.56,20.67,5.84,6.93,4.96,3.85,5.63,4.91
36,South Florida,Ind,35,9,2,0.57,6.55,7.11,29.84,19.55,5.64,7.03,3.15,2.64,4.98,4.30
37,Texas A&M,Big 12 (South),35,6,6,2.94,3.46,6.40,30.39,19.76,6.93,6.54,3.11,3.79,5.55,4.47
38,Iowa State,Big 12 (North),35,7,7,3.17,3.00,6.17,33.54,22.60,7.05,6.39,3.62,4.23,5.63,4.70
39,Texas Christian,CUSA,23,10,2,2.16,3.74,5.90,28.09,21.73,6.04,6.23,3.49,2.55,4.95,3.86
40,Colorado State,MWC,35,10,4,4.23,1.19,5.42,30.42,24.00,6.73,7.22,4.57,4.77,5.85,5.26
1,Miami (FL),Big East,1,12,0,9.65,16.52,26.17,47.54,7.18,8.74,4.79,6.03,2.63,7.70,3.10
2,Florida,SEC (East),3,10,2,11.19,12.19,23.38,48.67,12.16,9.79,4.94,4.94,2.62,8.30,3.29
3,Tennessee,SEC (East),4,11,2,10.03,9.19,19.22,37.80,14.56,8.79,5.87,4.90,1.89,6.98,3.43
4,Texas,Big 12 (South),5,11,2,8.59,10.07,18.67,41.63,14.00,7.83,4.59,4.53,2.57,6.50,3.04
5,Oregon,Pac-10,2,11,1,9.08,7.83,16.92,36.46,17.33,8.44,6.22,5.80,3.01,7.30,4.39
6,Nebraska,Big 12 (North),8,11,2,7.72,8.76,16.48,40.41,14.77,8.66,5.14,6.32,2.92,7.23,3.56
7,Oklahoma,Big 12 (South),6,11,2,3.61,11.78,15.39,33.84,11.38,6.58,5.54,4.16,2.20,5.96,3.34
8,LSU,SEC (West),7,10,3,6.86,7.47,14.33,34.70,17.48,9.09,6.59,4.65,3.03,7.17,4.44
9,Syracuse,Big East,14,10,3,3.56,9.98,13.54,31.99,15.27,8.32,5.93,4.67,3.94,6.14,4.37
10,Colorado,Big 12 (North),9,10,3,9.95,3.49,13.44,37.22,19.98,8.78,5.91,5.42,3.17,7.02,4.17
11,Florida State,ACC,15,8,4,9.71,3.08,12.79,39.28,20.01,9.84,6.22,5.01,3.02,7.48,4.07
12,Illinois,Big Ten,12,10,2,9.52,3.19,12.71,36.27,21.63,8.21,5.55,4.20,3.50,6.42,4.07
13,Michigan,Big Ten,20,8,4,4.25,8.40,12.65,31.38,15.68,7.06,5.02,4.21,2.23,5.95,3.20
14,South Carolina,SEC (East),13,9,3,3.48,8.88,12.36,29.83,16.21,6.90,5.56,5.33,3.20,6.32,3.71
15,UCLA,Pac-10,30,7,4,4.42,7.90,12.32,32.26,16.64,8.88,5.12,4.71,2.92,6.64,3.60
16,Virginia Tech,Big East,18,8,4,2.59,9.57,12.16,34.83,14.11,7.19,5.09,4.76,1.84,6.14,2.90
17,Stanford,Pac-10,16,9,3,12.28,-0.14,12.13,38.32,24.73,8.84,5.99,5.01,3.06,6.86,4.33
18,Washington State,Pac-10,10,10,2,7.50,4.59,12.09,33.78,20.61,8.72,5.89,3.95,3.61,6.54,4.35
19,Georgia,SEC (East),22,8,4,3.46,8.06,11.51,29.98,16.14,8.69,6.18,4.66,2.51,6.94,3.86
20,Maryland,ACC,11,10,2,6.15,4.63,10.78,36.19,20.33,7.29,6.26,5.13,2.41,6.46,3.83
21,Boston College,Big East,21,8,4,4.50,5.78,10.27,31.26,17.83,7.44,6.13,5.86,2.87,6.92,3.82
22,Iowa,Big Ten,30,7,5,5.21,4.75,9.96,35.98,18.42,8.87,6.30,4.71,2.52,6.83,3.68
23,Fresno State,WAC,30,11,3,9.01,0.90,9.90,37.69,24.49,8.97,6.43,4.23,2.79,7.03,4.14
24,Alabama,SEC (West),30,7,5,3.58,6.07,9.66,30.91,17.38,8.34,7.18,5.83,2.71,7.16,4.47
25,Kansas State,Big 12 (North),30,6,6,-0.34,9.97,9.63,32.15,13.34,6.87,5.41,5.09,2.38,6.09,3.36
26,USC,Pac-10,30,6,6,-0.34,9.25,8.92,27.72,13.81,7.91,5.36,3.43,3.19,5.90,3.74
27,Ohio State,Big Ten,30,7,5,2.92,5.64,8.56,29.68,17.93,8.40,6.26,4.67,2.98,6.30,4.01
28,Texas Tech,Big 12 (South),30,7,5,7.13,1.44,8.56,38.14,22.06,7.19,5.78,4.39,3.90,6.81,4.33
29,Louisville,CUSA,17,11,2,-0.12,8.61,8.49,26.63,16.87,7.61,6.29,3.35,3.23,5.88,4.04
30,Arkansas,SEC (West),30,7,5,5.25,3.16,8.40,30.60,21.13,6.63,6.46,4.80,3.37,5.80,4.30
31,Brigham Young,MWC,25,12,2,14.02,-6.06,7.96,42.12,32.11,8.43,7.28,5.81,4.77,7.60,5.35
32,Utah,MWC,35,8,4,0.38,7.49,7.86,27.63,16.43,7.09,6.09,5.09,2.86,6.26,3.92
33,North Carolina,ACC,35,8,5,0.34,7.18,7.52,29.22,17.22,8.43,4.95,3.93,3.05,6.29,3.50
34,Georgia Tech,ACC,24,8,5,3.10,4.00,7.10,32.53,20.06,8.14,6.08,3.80,2.87,6.22,4.03
35,Washington,Pac-10,19,8,4,5.66,1.40,7.07,32.60,25.06,8.86,6.44,3.71,3.78,6.52,4.44
36,North Carolina State,ACC,35,7,5,2.16,4.22,6.38,28.35,19.94,7.37,6.68,4.06,2.93,6.24,4.14
37,Marshall,MAC (East),35,11,2,11.12,-4.80,6.32,36.09,31.08,8.21,7.35,4.88,4.40,7.30,5.04
38,Pitt,Big East,35,7,5,0.97,5.34,6.31,29.36,19.90,7.58,5.76,4.30,2.47,6.29,3.49
39,Michigan State,Big Ten,35,7,5,5.84,0.43,6.26,34.44,23.11,9.12,5.87,4.27,3.89,6.85,4.28
40,Notre Dame,Ind,35,5,6,-1.50,7.50,6.00,25.84,16.02,5.91,6.43,4.89,2.92,5.60,3.95
1,Auburn,SEC (West),1,14,0,16.15,4.52,20.66,46.36,18.58,10.60,6.13,5.84,3.94,7.52,5.19
2,Texas Christian,MWC,2,13,0,5.64,12.32,17.96,41.33,12.25,8.98,4.78,4.26,4.42,6.23,4.49
3,Oregon,Pac-10,3,12,1,13.04,8.50,21.54,51.13,14.36,8.43,5.29,5.28,4.28,6.68,4.71
4,Stanford,Pac-10,4,12,1,11.33,10.47,21.80,45.54,12.56,9.39,5.97,4.55,4.55,6.72,5.17
5,Ohio State,Big Ten,5,12,1,4.66,12.70,17.37,39.18,12.59,8.45,5.12,4.35,3.81,6.09,4.44
6,Oklahoma,Big 12 (South),6,12,2,10.21,6.91,17.11,41.43,17.63,8.09,5.79,2.60,4.73,5.52,5.18
7,Wisconsin,Big Ten,7,11,2,9.19,4.83,14.02,42.36,19.25,9.48,6.41,4.63,5.04,6.39,5.58
8,LSU,SEC (West),8,11,2,6.33,8.80,15.13,34.77,14.81,7.33,5.65,4.22,4.42,5.46,4.82
9,Boise State,WAC,9,12,1,5.85,12.84,18.69,44.94,12.13,9.84,4.95,4.07,4.18,6.92,4.26
10,Alabama,SEC (West),10,10,3,4.12,14.19,18.31,39.34,9.36,9.79,5.37,4.60,3.96,6.93,4.53
11,Nevada,WAC,11,13,1,11.09,0.87,11.96,40.27,23.71,8.59,7.05,4.93,5.52,6.56,6.18
12,Arkansas,SEC (West),12,10,3,11.35,3.13,14.48,41.59,19.80,9.90,6.34,4.29,4.62,7.23,5.24
13,Oklahoma State,Big 12 (South),13,11,2,15.10,1.53,16.62,45.46,22.96,8.54,5.97,4.08,4.53,6.55,5.17
14,Michigan State,Big Ten,14,11,2,4.40,5.51,9.91,31.79,21.05,8.36,6.29,3.63,4.76,5.88,5.50
15,Mississippi State,SEC (West),15,9,4,0.13,8.98,9.11,30.03,14.39,8.49,5.95,3.92,3.91,5.58,4.95
16,Virginia Tech,ACC (Coastal),16,11,3,7.39,6.64,14.03,36.14,17.19,8.59,6.49,4.16,5.57,5.98,5.85
17,Florida State,ACC (Atlantic),17,10,4,6.93,7.27,14.20,36.82,16.63,8.03,6.49,4.42,4.38,6.07,5.28
18,Missouri,Big 12 (North),18,10,3,3.09,10.89,13.98,32.25,13.90,6.96,5.84,3.78,5.32,5.47,5.43
19,Texas A&M,Big 12 (South),19,9,4,5.10,6.28,11.39,34.34,17.94,7.40,5.77,3.28,4.29,5.42,4.90
20,Nebraska,Big 12 (North),20,10,4,4.04,8.81,12.85,32.54,15.50,7.77,5.64,4.43,5.07,5.82,5.04
21,UCF,CUSA (East),21,11,3,-1.62,7.41,5.79,26.95,18.33,8.39,6.34,3.36,4.65,5.19,5.38
22,South Carolina,SEC (East),22,9,5,5.77,7.20,12.97,35.43,16.75,9.01,6.42,3.81,3.71,6.11,5.05
23,Maryland,ACC (Atlantic),23,9,4,2.77,4.25,7.02,33.76,20.85,7.31,5.91,3.43,4.21,5.32,5.07
24,Tulsa,CUSA (West),24,10,3,8.93,-3.97,4.95,36.33,30.00,7.71,8.33,4.16,5.23,5.89,6.65
25,North Carolina State,ACC (Atlantic),25,9,4,6.34,4.66,11.00,35.20,19.44,7.06,7.11,2.98,4.15,5.16,5.56
26,Akron,MAC (East),,1,11,-12.16,-9.38,-21.54,12.95,39.92,4.91,9.47,2.42,5.70,3.71,7.15
27,Memphis,CUSA (East),,1,11,-13.88,-5.55,-19.43,13.09,38.73,7.00,9.37,1.96,5.19,4.37,6.89
28,Buffalo,MAC (East),,2,10,-14.70,-4.50,-19.20,9.78,32.90,4.70,7.21,1.72,5.02,3.28,5.77
29,Eastern Michigan,MAC (West),,2,10,-7.24,-11.83,-19.07,18.15,47.42,6.54,9.38,3.04,7.38,4.49,8.03
30,New Mexico State,WAC,,2,10,-10.39,-7.74,-18.13,14.36,39.10,5.49,7.64,2.14,7.19,3.84,7.11
1,Alabama,SEC (West),1,8,0,10.39,15.13,25.51,100.00,-57.71,19.65,-2.06,10.23,-1.69,13.32,-1.14
2,Georgia,SEC (East),6,7,1,9.10,13.84,22.94,100.00,-58.44,16.92,-2.26,11.00,-0.80,12.79,-0.79
3,Michigan,Big Ten (East),5,7,1,5.99,16.79,22.77,100.00,-56.14,15.18,-2.19,10.27,-2.13,11.60,-1.71
4,Clemson,ACC (Atlantic),2,8,0,5.80,16.32,22.12,100.00,-60.04,14.72,-0.78,11.66,-2.57,12.30,-1.25
5,LSU,SEC (West),3,7,1,8.36,13.63,21.99,100.00,-60.83,14.85,-1.76,9.81,-1.87,11.32,-1.12
6,Oklahoma,Big 12,7,7,1,18.24,2.64,20.87,100.00,-42.95,19.53,0.23,11.52,-1.39,14.37,0.05
7,Notre Dame,Ind,4,8,0,8.67,8.95,17.62,100.00,-49.79,15.07,-1.28,9.09,-1.44,11.07,-0.71
8,Iowa,Big Ten (West),16,6,2,4.83,11.94,16.77,100.00,-53.82,14.37,-0.45,9.11,-2.58,10.90,-0.86
9,Kentucky,SEC (East),9,7,1,1.19,15.30,16.49,100.00,-60.75,14.22,-1.25,10.82,-2.15,11.48,-1.03
10,West Virginia,Big 13,12,6,1,7.87,7.97,15.85,100.00,-51.84,17.46,-0.04,9.24,-1.08,12.59,-0.09
11,Fresno State,MWC (West),23,7,1,2.34,12.71,15.05,100.00,-54.68,15.42,-0.68,8.84,-1.20,11.34,-0.36
12,Florida,SEC (East),11,6,2,6.31,8.68,14.99,100.00,-54.11,15.23,-1.37,10.34,-1.10,11.81,-0.66
13,Ohio State,Big Ten (East),10,7,1,9.44,5.39,14.83,100.00,-45.23,15.91,1.21,8.90,-0.73,11.87,0.84
14,Penn State,Big Ten (East),14,6,2,9.04,5.34,14.38,100.00,-47.34,14.10,-0.89,11.10,-1.06,11.73,-0.43
15,UCF,American (East),12,7,0,7.52,6.46,13.98,100.00,-49.05,14.33,0.06,10.54,-0.98,11.66,-0.05
16,Mississippi State,SEC (West),18,5,3,-1.62,15.30,13.69,100.00,-59.95,14.56,-1.80,11.26,-2.36,12.01,-1.33
17,Utah,Pac-12 (South),15,6,2,3.59,9.93,13.52,100.00,-51.51,15.25,-1.27,9.94,-1.80,11.67,-0.96
18,Iowa State,Big 12,24,4,3,4.45,8.51,12.95,100.00,-52.74,15.54,-1.02,9.17,-2.29,11.43,-1.14
19,Purdue,Big Ten (West),35,4,4,4.40,7.99,12.38,100.00,-49.86,14.83,-0.09,10.55,-0.97,12.09,0.21
20,South Carolina,SEC (East),30,4,3,6.26,5.37,11.63,100.00,-49.63,14.36,-1.66,10.01,-1.24,11.30,-0.71
21,Washington State,Pac-12 (North),8,7,1,11.32,0.11,11.43,100.00,-42.04,14.73,-0.36,8.21,-0.36,11.79,0.11
22,Texas Tech,Big 12,30,5,3,8.32,2.98,11.30,100.00,-47.71,14.90,-0.57,9.02,-1.17,11.49,-0.17
23,Missouri,SEC (East),35,4,4,12.16,-0.90,11.26,100.00,-46.11,15.78,0.69,9.98,-2.20,12.01,0.00
24,Texas,Big 12,17,6,2,6.41,4.81,11.22,100.00,-46.43,14.52,-0.21,8.61,-1.70,10.87,-0.31
25,Army,Ind,35,6,2,-0.05,10.87,10.83,98.37,-51.02,17.51,0.62,9.26,-0.30,10.21,0.89
26,Texas A&M,SEC (West),20,5,3,4.55,5.88,10.43,100.00,-53.81,15.45,1.17,10.47,-2.43,12.14,0.29
27,Michigan State,Big Ten (East),30,5,3,0.77,9.64,10.41,95.62,-51.68,14.12,0.22,8.27,-2.49,10.61,-0.18
28,Syracuse,ACC (Atlantic),19,6,2,13.11,-3.05,10.06,100.00,-40.89,13.71,0.83,9.69,-0.78,10.91,0.54
29,Utah State,MWC (Mountain),30,7,1,8.99,0.89,9.87,100.00,-42.22,14.33,-0.12,10.21,-0.87,11.55,0.08
30,Auburn,SEC (West),35,5,3,0.17,9.61,9.77,100.00,-55.81,14.99,-0.97,9.68,-1.84,11.38,-0.80
31,Washington,Pac-12 (North),35,6,3,-0.42,10.04,9.62,98.45,-53.77,16.19,-1.38,9.58,-1.28,11.90,-0.79
32,Wisconsin,Big Ten (West),35,5,3,3.10,6.19,9.29,100.00,-45.65,14.05,0.28,11.46,0.27,11.94,0.78
33,Miami (FL),ACC (Coastal),35,5,3,0.98,8.29,9.27,100.00,-51.91,14.22,-1.50,9.84,-1.70,11.12,-1.13
34,Houston,American (West),30,7,1,15.35,-6.45,8.90,100.00,-35.60,15.45,1.53,10.71,-1.30,12.43,0.66
35,Boston College,ACC (Atlantic),22,6,2,5.88,2.59,8.47,100.00,-46.68,15.25,-0.80,9.42,-0.98,11.02,-0.44
36,Appalachian State,Sun Belt,35,5,2,0.33,8.11,8.44,100.00,-51.09,14.55,-1.86,10.83,-1.55,11.76,-0.85
37,Northwestern,Big Ten (West),35,5,3,4.96,3.34,8.30,97.76,-44.38,13.66,0.01,7.70,-0.86,10.13,0.18
38,North Carolina State,ACC (Atlantic),21,5,2,3.83,4.35,8.18,100.00,-47.12,15.63,1.31,8.78,-1.82,11.62,0.71
39,Virginia,ACC (Coastal),25,6,2,-0.64,8.66,8.02,96.28,-51.72,13.79,0.03,9.65,-1.16,10.79,0.08
